customer_id,name,email,mobile,city,segment
CUST0001,Sneha Kumar,sneha.kumar1@example.com,9721175500,Mumbai,Standard
CUST0002,Aishwarya Kumar,aishwarya.kumar2@example.com,9577442871,Kolkata,Regular
CUST0003,Rohan Reddy,rohan.reddy3@example.com,9271333204,Bengaluru,Regular
CUST0004,Arjun Nair,arjun.nair4@example.com,9268310679,Mumbai,Premium
CUST0005,Karthik Verma,karthik.verma5@example.com,9481367606,Vijayawada,Standard
CUST0006,Kavya Reddy,kavya.reddy6@example.com,9429623708,Pune,Regular
CUST0007,Rohan Sharma,rohan.sharma7@example.com,9298363942,Mumbai,Standard
CUST0008,Neha Nair,neha.nair8@example.com,9258329500,Bengaluru,Premium
CUST0009,Ananya Menon,ananya.menon9@example.com,9653542596,Bengaluru,Standard
CUST0010,Neha Menon,neha.menon10@example.com,9261449825,Hyderabad,Standard
CUST0011,Sneha Das,sneha.das11@example.com,9685131999,Visakhapatnam,Regular
CUST0012,Pooja Kumar,pooja.kumar12@example.com,9139822507,Bengaluru,Standard
CUST0013,Rahul Reddy,rahul.reddy13@example.com,9691569976,Delhi,Regular
CUST0014,Ishita Iyer,ishita.iyer14@example.com,9842005507,Chennai,Premium
CUST0015,Arjun Mishra,arjun.mishra15@example.com,9035245785,Mumbai,Regular
CUST0016,Divya Patel,divya.patel16@example.com,9063480660,Pune,Premium
CUST0017,Kavya Patel,kavya.patel17@example.com,9144229485,Chennai,Standard
CUST0018,Neha Das,neha.das18@example.com,9007244891,Chennai,Regular
CUST0019,Rohan Mishra,rohan.mishra19@example.com,9744995712,Chennai,Standard
CUST0020,Neha Kumar,neha.kumar20@example.com,9705581901,Visakhapatnam,Premium
CUST0021,Kavya Singh,kavya.singh21@example.com,9182564559,Mumbai,Standard
CUST0022,Aditya Patel,aditya.patel22@example.com,9216499065,Bengaluru,Premium
CUST0023,Neha Patel,neha.patel23@example.com,9513022453,Vijayawada,Premium
CUST0024,Neha Verma,neha.verma24@example.com,9918287122,Pune,Premium
CUST0025,Rohan Nair,rohan.nair25@example.com,9498042076,Delhi,Premium
CUST0026,Nikhil Nair,nikhil.nair26@example.com,9751961035,Kolkata,Premium
CUST0027,Priya Verma,priya.verma27@example.com,9399036635,Kolkata,Standard
CUST0028,Rahul Mishra,rahul.mishra28@example.com,9989880739,Mumbai,Regular
CUST0029,Ananya Menon,ananya.menon29@example.com,9730419388,Mumbai,Premium
CUST0030,Vikram Singh,vikram.singh30@example.com,9389263959,Bengaluru,Regular
CUST0031,Ananya Gupta,ananya.gupta31@example.com,9921473653,Visakhapatnam,Premium
CUST0032,Rohan Kumar,rohan.kumar32@example.com,9709577630,Pune,Standard
CUST0033,Aditya Mehta,aditya.mehta33@example.com,9873344214,Kolkata,Standard
CUST0034,Ananya Gupta,ananya.gupta34@example.com,9548327634,Mumbai,Standard
CUST0035,Pooja Menon,pooja.menon35@example.com,9971056387,Delhi,Premium
CUST0036,Vikram Reddy,vikram.reddy36@example.com,9024804616,Coimbatore,Regular
CUST0037,Kavya Reddy,kavya.reddy37@example.com,9607714195,Chennai,Standard
CUST0038,Kavya Mishra,kavya.mishra38@example.com,9848695986,Vijayawada,Regular
CUST0039,Neha Iyer,neha.iyer39@example.com,9874226756,Delhi,Regular
CUST0040,Arjun Joshi,arjun.joshi40@example.com,9223512670,Kolkata,Regular
CUST0041,Neha Iyer,neha.iyer41@example.com,9424956873,Chennai,Regular
CUST0042,Meera Menon,meera.menon42@example.com,9388577842,Coimbatore,Premium
CUST0043,Karthik Rao,karthik.rao43@example.com,9677899595,Chennai,Premium
CUST0044,Divya Reddy,divya.reddy44@example.com,9812343829,Kolkata,Regular
CUST0045,Arjun Iyer,arjun.iyer45@example.com,9059367679,Mumbai,Premium
CUST0046,Aishwarya Reddy,aishwarya.reddy46@example.com,9241942369,Bengaluru,Premium
CUST0047,Meera Sharma,meera.sharma47@example.com,9595939158,Mumbai,Premium
CUST0048,Meera Das,meera.das48@example.com,9687505606,Chennai,Regular
CUST0049,Pooja Sharma,pooja.sharma49@example.com,9438411566,Vijayawada,Regular
CUST0050,Nikhil Singh,nikhil.singh50@example.com,9853292475,Kolkata,Regular
CUST0051,Aarav Iyer,aarav.iyer51@example.com,9812738720,Mumbai,Premium
CUST0052,Kavya Joshi,kavya.joshi52@example.com,9452474024,Mumbai,Regular
CUST0053,Varun Rao,varun.rao53@example.com,9454737221,Mumbai,Regular
CUST0054,Sneha Joshi,sneha.joshi54@example.com,9571247952,Bengaluru,Premium
CUST0055,Meera Patel,meera.patel55@example.com,9337100296,Coimbatore,Premium
CUST0056,Aarav Gupta,aarav.gupta56@example.com,9243928104,Visakhapatnam,Standard
CUST0057,Priya Reddy,priya.reddy57@example.com,9153917672,Vijayawada,Regular
CUST0058,Nikhil Mishra,nikhil.mishra58@example.com,9489366792,Mumbai,Regular
CUST0059,Arjun Reddy,arjun.reddy59@example.com,9251464022,Coimbatore,Premium
CUST0060,Kavya Mishra,kavya.mishra60@example.com,9275811212,Hyderabad,Premium
CUST0061,Priya Reddy,priya.reddy61@example.com,9758944342,Vijayawada,Regular
CUST0062,Nikhil Sharma,nikhil.sharma62@example.com,9587602685,Chennai,Standard
CUST0063,Rohan Gupta,rohan.gupta63@example.com,9074691564,Bengaluru,Regular
CUST0064,Ishita Singh,ishita.singh64@example.com,9368362985,Coimbatore,Premium
CUST0065,Aditya Verma,aditya.verma65@example.com,9394596541,Pune,Standard
CUST0066,Pooja Mehta,pooja.mehta66@example.com,9402128406,Mumbai,Standard
CUST0067,Ananya Verma,ananya.verma67@example.com,9550994184,Delhi,Standard
CUST0068,Rohan Singh,rohan.singh68@example.com,9892539588,Delhi,Regular
CUST0069,Aditya Mishra,aditya.mishra69@example.com,9720785684,Coimbatore,Regular
CUST0070,Aditya Nair,aditya.nair70@example.com,9739892384,Pune,Standard
CUST0071,Pooja Joshi,pooja.joshi71@example.com,9939761919,Pune,Premium
CUST0072,Nikhil Sharma,nikhil.sharma72@example.com,9547461493,Kolkata,Standard
CUST0073,Arjun Das,arjun.das73@example.com,9365968456,Mumbai,Standard
CUST0074,Meera Patel,meera.patel74@example.com,9740684690,Chennai,Regular
CUST0075,Ishita Rao,ishita.rao75@example.com,9424611636,Coimbatore,Standard
CUST0076,Rahul Patel,rahul.patel76@example.com,9422089614,Pune,Standard
CUST0077,Meera Mehta,meera.mehta77@example.com,9964398133,Delhi,Standard
CUST0078,Meera Kumar,meera.kumar78@example.com,9962567064,Delhi,Premium
CUST0079,Aishwarya Menon,aishwarya.menon79@example.com,9366676869,Chennai,Regular
CUST0080,Nikhil Kumar,nikhil.kumar80@example.com,9570271159,Vijayawada,Standard
CUST0081,Rohan Das,rohan.das81@example.com,9199928840,Mumbai,Standard
CUST0082,Karthik Das,karthik.das82@example.com,9837054665,Pune,Premium
CUST0083,Kavya Iyer,kavya.iyer83@example.com,9085920893,Kolkata,Premium
CUST0084,Rahul Kumar,rahul.kumar84@example.com,9934081467,Vijayawada,Regular
CUST0085,Varun Joshi,varun.joshi85@example.com,9786869262,Coimbatore,Premium
CUST0086,Ishita Sharma,ishita.sharma86@example.com,9939602998,Bengaluru,Standard
CUST0087,Vikram Mehta,vikram.mehta87@example.com,9690397285,Visakhapatnam,Premium
CUST0088,Kavya Rao,kavya.rao88@example.com,9775299571,Chennai,Premium
CUST0089,Aarav Rao,aarav.rao89@example.com,9723107574,Pune,Standard
CUST0090,Varun Sharma,varun.sharma90@example.com,9426796360,Coimbatore,Regular
CUST0091,Divya Mehta,divya.mehta91@example.com,9174831165,Pune,Regular
CUST0092,Aishwarya Nair,aishwarya.nair92@example.com,9254716858,Kolkata,Regular
CUST0093,Kavya Singh,kavya.singh93@example.com,9344046319,Bengaluru,Premium
CUST0094,Arjun Sharma,arjun.sharma94@example.com,9473109564,Kolkata,Standard
CUST0095,Priya Verma,priya.verma95@example.com,9635262183,Delhi,Standard
CUST0096,Kavya Menon,kavya.menon96@example.com,9457665666,Chennai,Premium
CUST0097,Rohan Joshi,rohan.joshi97@example.com,9793116079,Bengaluru,Standard
CUST0098,Sanjay Patel,sanjay.patel98@example.com,9341339581,Visakhapatnam,Premium
CUST0099,Arjun Verma,arjun.verma99@example.com,9446425316,Visakhapatnam,Regular
CUST0100,Sanjay Mehta,sanjay.mehta100@example.com,9329029772,Bengaluru,Premium
CUST0101,Pooja Joshi,pooja.joshi101@example.com,9415256337,Kolkata,Premium
CUST0102,Nikhil Mishra,nikhil.mishra102@example.com,9034462491,Visakhapatnam,Regular
CUST0103,Ishita Sharma,ishita.sharma103@example.com,9414408727,Bengaluru,Standard
CUST0104,Sneha Nair,sneha.nair104@example.com,9593788211,Visakhapatnam,Premium
CUST0105,Arjun Reddy,arjun.reddy105@example.com,9964556869,Pune,Standard
CUST0106,Aditya Reddy,aditya.reddy106@example.com,9446753040,Pune,Regular
CUST0107,Arjun Mehta,arjun.mehta107@example.com,9886545784,Visakhapatnam,Standard
CUST0108,Vikram Rao,vikram.rao108@example.com,9659488906,Chennai,Premium
CUST0109,Nikhil Iyer,nikhil.iyer109@example.com,9563937606,Pune,Premium
CUST0110,Aditya Sharma,aditya.sharma110@example.com,9532896106,Pune,Regular
CUST0111,Karthik Reddy,karthik.reddy111@example.com,9593378687,Vijayawada,Premium
CUST0112,Divya Nair,divya.nair112@example.com,9331294210,Bengaluru,Standard
CUST0113,Neha Das,neha.das113@example.com,9756865116,Visakhapatnam,Premium
CUST0114,Nikhil Kumar,nikhil.kumar114@example.com,9462427453,Coimbatore,Premium
CUST0115,Ishita Mehta,ishita.mehta115@example.com,9994235988,Hyderabad,Regular
CUST0116,Priya Mehta,priya.mehta116@example.com,9439751014,Vijayawada,Premium
CUST0117,Divya Sharma,divya.sharma117@example.com,9924300529,Pune,Premium
CUST0118,Aarav Rao,aarav.rao118@example.com,9986712861,Coimbatore,Regular
CUST0119,Aishwarya Kumar,aishwarya.kumar119@example.com,9902196472,Bengaluru,Premium
CUST0120,Kavya Singh,kavya.singh120@example.com,9660845657,Delhi,Regular
CUST0121,Aarav Gupta,aarav.gupta121@example.com,9351653957,Vijayawada,Standard
CUST0122,Aarav Singh,aarav.singh122@example.com,9803373026,Bengaluru,Standard
CUST0123,Aditya Reddy,aditya.reddy123@example.com,9058174668,Bengaluru,Standard
CUST0124,Nikhil Kumar,nikhil.kumar124@example.com,9201095952,Mumbai,Regular
CUST0125,Ishita Das,ishita.das125@example.com,9783138783,Hyderabad,Regular
CUST0126,Pooja Rao,pooja.rao126@example.com,9958706853,Bengaluru,Regular
CUST0127,Meera Verma,meera.verma127@example.com,9471447964,Chennai,Premium
CUST0128,Karthik Rao,karthik.rao128@example.com,9571086412,Pune,Regular
CUST0129,Karthik Gupta,karthik.gupta129@example.com,9014340133,Delhi,Premium
CUST0130,Sneha Kumar,sneha.kumar130@example.com,9743522492,Coimbatore,Premium
CUST0131,Sneha Reddy,sneha.reddy131@example.com,9848406833,Bengaluru,Standard
CUST0132,Neha Verma,neha.verma132@example.com,9887967512,Hyderabad,Premium
CUST0133,Pooja Kumar,pooja.kumar133@example.com,9354918037,Coimbatore,Standard
CUST0134,Divya Menon,divya.menon134@example.com,9451304518,Vijayawada,Standard
CUST0135,Varun Reddy,varun.reddy135@example.com,9715885319,Mumbai,Regular
CUST0136,Sanjay Mishra,sanjay.mishra136@example.com,9201926606,Visakhapatnam,Standard
CUST0137,Rahul Reddy,rahul.reddy137@example.com,9676858006,Visakhapatnam,Regular
CUST0138,Vikram Menon,vikram.menon138@example.com,9560856328,Kolkata,Regular
CUST0139,Nikhil Sharma,nikhil.sharma139@example.com,9614431839,Pune,Regular
CUST0140,Rahul Menon,rahul.menon140@example.com,9353422023,Visakhapatnam,Regular
CUST0141,Kavya Das,kavya.das141@example.com,9989711948,Coimbatore,Premium
CUST0142,Arjun Singh,arjun.singh142@example.com,9592304864,Vijayawada,Premium
CUST0143,Sneha Singh,sneha.singh143@example.com,9123400532,Kolkata,Standard
CUST0144,Nikhil Menon,nikhil.menon144@example.com,9586610395,Pune,Premium
CUST0145,Vikram Gupta,vikram.gupta145@example.com,9550134465,Pune,Standard
CUST0146,Aditya Reddy,aditya.reddy146@example.com,9368555454,Chennai,Regular
CUST0147,Aditya Mehta,aditya.mehta147@example.com,9143886526,Visakhapatnam,Standard
CUST0148,Kavya Joshi,kavya.joshi148@example.com,9045773825,Bengaluru,Premium
CUST0149,Aarav Iyer,aarav.iyer149@example.com,9316479870,Hyderabad,Standard
CUST0150,Vikram Nair,vikram.nair150@example.com,9365319337,Delhi,Standard
CUST0151,Pooja Patel,pooja.patel151@example.com,9922997764,Coimbatore,Regular
CUST0152,Neha Mishra,neha.mishra152@example.com,9972558337,Hyderabad,Regular
CUST0153,Priya Verma,priya.verma153@example.com,9909672825,Delhi,Premium
CUST0154,Sneha Gupta,sneha.gupta154@example.com,9720922134,Hyderabad,Premium
CUST0155,Neha Mishra,neha.mishra155@example.com,9168467220,Bengaluru,Standard
CUST0156,Varun Patel,varun.patel156@example.com,9579918199,Kolkata,Regular
CUST0157,Ananya Mishra,ananya.mishra157@example.com,9782026934,Vijayawada,Standard
CUST0158,Pooja Mishra,pooja.mishra158@example.com,9984111421,Pune,Regular
CUST0159,Varun Mehta,varun.mehta159@example.com,9718885061,Hyderabad,Regular
CUST0160,Aditya Mishra,aditya.mishra160@example.com,9222793706,Mumbai,Premium
CUST0161,Sneha Iyer,sneha.iyer161@example.com,9345873192,Visakhapatnam,Premium
CUST0162,Kavya Reddy,kavya.reddy162@example.com,9449379788,Mumbai,Standard
CUST0163,Aishwarya Das,aishwarya.das163@example.com,9755391892,Vijayawada,Premium
CUST0164,Ananya Rao,ananya.rao164@example.com,9846748401,Kolkata,Regular
CUST0165,Varun Kumar,varun.kumar165@example.com,9563020204,Bengaluru,Standard
CUST0166,Priya Mishra,priya.mishra166@example.com,9894211679,Pune,Regular
CUST0167,Nikhil Das,nikhil.das167@example.com,9930981819,Kolkata,Standard
CUST0168,Rahul Joshi,rahul.joshi168@example.com,9987947432,Coimbatore,Regular
CUST0169,Rahul Verma,rahul.verma169@example.com,9187066982,Bengaluru,Premium
CUST0170,Aishwarya Kumar,aishwarya.kumar170@example.com,9468204577,Hyderabad,Standard
CUST0171,Meera Patel,meera.patel171@example.com,9873563316,Mumbai,Regular
CUST0172,Meera Verma,meera.verma172@example.com,9098964499,Kolkata,Standard
CUST0173,Aditya Joshi,aditya.joshi173@example.com,9413748378,Chennai,Standard
CUST0174,Divya Singh,divya.singh174@example.com,9512269807,Mumbai,Premium
CUST0175,Rohan Singh,rohan.singh175@example.com,9668177548,Pune,Regular
CUST0176,Aarav Patel,aarav.patel176@example.com,9991942629,Vijayawada,Regular
CUST0177,Meera Singh,meera.singh177@example.com,9463384877,Pune,Premium
CUST0178,Ishita Rao,ishita.rao178@example.com,9452129541,Pune,Premium
CUST0179,Karthik Gupta,karthik.gupta179@example.com,9846628964,Hyderabad,Standard
CUST0180,Ishita Reddy,ishita.reddy180@example.com,9151899580,Chennai,Premium
CUST0181,Divya Reddy,divya.reddy181@example.com,9827053666,Coimbatore,Standard
CUST0182,Pooja Kumar,pooja.kumar182@example.com,9050529086,Hyderabad,Premium
CUST0183,Sneha Nair,sneha.nair183@example.com,9115823345,Mumbai,Regular
CUST0184,Arjun Mehta,arjun.mehta184@example.com,9960434670,Kolkata,Standard
CUST0185,Aditya Gupta,aditya.gupta185@example.com,9998929652,Bengaluru,Standard
CUST0186,Rohan Mishra,rohan.mishra186@example.com,9561802188,Bengaluru,Regular
CUST0187,Ananya Gupta,ananya.gupta187@example.com,9283837197,Vijayawada,Standard
CUST0188,Ishita Kumar,ishita.kumar188@example.com,9020665936,Coimbatore,Regular
CUST0189,Kavya Rao,kavya.rao189@example.com,9531537220,Delhi,Premium
CUST0190,Karthik Joshi,karthik.joshi190@example.com,9713309471,Bengaluru,Premium
CUST0191,Divya Iyer,divya.iyer191@example.com,9551055780,Kolkata,Regular
CUST0192,Arjun Joshi,arjun.joshi192@example.com,9999513134,Bengaluru,Premium
CUST0193,Divya Verma,divya.verma193@example.com,9440226511,Delhi,Premium
CUST0194,Karthik Rao,karthik.rao194@example.com,9838448653,Visakhapatnam,Standard
CUST0195,Vikram Iyer,vikram.iyer195@example.com,9399264523,Kolkata,Regular
CUST0196,Sneha Mishra,sneha.mishra196@example.com,9555659474,Delhi,Standard
CUST0197,Arjun Das,arjun.das197@example.com,9876132143,Coimbatore,Standard
CUST0198,Pooja Gupta,pooja.gupta198@example.com,9459657385,Bengaluru,Premium
CUST0199,Kavya Mehta,kavya.mehta199@example.com,9616566937,Bengaluru,Premium
CUST0200,Sneha Verma,sneha.verma200@example.com,9275623466,Hyderabad,Regular
CUST0201,Aarav Iyer,aarav.iyer201@example.com,9149191342,Coimbatore,Regular
CUST0202,Pooja Sharma,pooja.sharma202@example.com,9463381866,Hyderabad,Standard
CUST0203,Kavya Nair,kavya.nair203@example.com,9115924164,Chennai,Standard
CUST0204,Aishwarya Mishra,aishwarya.mishra204@example.com,9153727801,Vijayawada,Premium
CUST0205,Ishita Rao,ishita.rao205@example.com,9116493331,Pune,Regular
CUST0206,Aishwarya Reddy,aishwarya.reddy206@example.com,9872601131,Hyderabad,Standard
CUST0207,Karthik Singh,karthik.singh207@example.com,9554459911,Delhi,Premium
CUST0208,Ananya Rao,ananya.rao208@example.com,9868941356,Kolkata,Standard
CUST0209,Pooja Singh,pooja.singh209@example.com,9741572022,Coimbatore,Standard
CUST0210,Pooja Nair,pooja.nair210@example.com,9552595774,Mumbai,Regular
CUST0211,Sneha Joshi,sneha.joshi211@example.com,9872943849,Mumbai,Premium
CUST0212,Varun Joshi,varun.joshi212@example.com,9376112203,Delhi,Standard
CUST0213,Neha Reddy,neha.reddy213@example.com,9372289609,Kolkata,Premium
CUST0214,Rohan Das,rohan.das214@example.com,9671132831,Delhi,Standard
CUST0215,Divya Singh,divya.singh215@example.com,9468052939,Pune,Standard
CUST0216,Aarav Das,aarav.das216@example.com,9777463052,Kolkata,Premium
CUST0217,Pooja Verma,pooja.verma217@example.com,9325187870,Coimbatore,Premium
CUST0218,Sneha Mishra,sneha.mishra218@example.com,9840926161,Delhi,Premium
CUST0219,Ishita Verma,ishita.verma219@example.com,9066067740,Bengaluru,Premium
CUST0220,Vikram Iyer,vikram.iyer220@example.com,9055403186,Coimbatore,Premium
CUST0221,Kavya Singh,kavya.singh221@example.com,9081323886,Hyderabad,Premium
CUST0222,Sanjay Gupta,sanjay.gupta222@example.com,9064761468,Bengaluru,Premium
CUST0223,Rahul Menon,rahul.menon223@example.com,9173472626,Visakhapatnam,Regular
CUST0224,Aarav Das,aarav.das224@example.com,9882613677,Mumbai,Regular
CUST0225,Karthik Sharma,karthik.sharma225@example.com,9260803338,Kolkata,Regular
CUST0226,Neha Mehta,neha.mehta226@example.com,9149050299,Kolkata,Standard
CUST0227,Meera Mehta,meera.mehta227@example.com,9774465100,Mumbai,Premium
CUST0228,Neha Rao,neha.rao228@example.com,9368606780,Bengaluru,Regular
CUST0229,Sneha Iyer,sneha.iyer229@example.com,9606610104,Pune,Standard
CUST0230,Sanjay Menon,sanjay.menon230@example.com,9823787183,Kolkata,Regular
CUST0231,Sanjay Sharma,sanjay.sharma231@example.com,9296450811,Bengaluru,Standard
CUST0232,Sneha Patel,sneha.patel232@example.com,9708003919,Chennai,Standard
CUST0233,Divya Patel,divya.patel233@example.com,9347203591,Vijayawada,Premium
CUST0234,Karthik Sharma,karthik.sharma234@example.com,9887304327,Visakhapatnam,Premium
CUST0235,Nikhil Rao,nikhil.rao235@example.com,9547197204,Mumbai,Standard
CUST0236,Ishita Mehta,ishita.mehta236@example.com,9889068715,Mumbai,Regular
CUST0237,Pooja Kumar,pooja.kumar237@example.com,9912028484,Bengaluru,Standard
CUST0238,Sneha Nair,sneha.nair238@example.com,9180549223,Kolkata,Standard
CUST0239,Aditya Rao,aditya.rao239@example.com,9429171143,Bengaluru,Standard
CUST0240,Ishita Menon,ishita.menon240@example.com,9232116860,Pune,Premium
CUST0241,Arjun Joshi,arjun.joshi241@example.com,9235629044,Vijayawada,Premium
CUST0242,Sneha Iyer,sneha.iyer242@example.com,9171072146,Bengaluru,Standard
CUST0243,Varun Verma,varun.verma243@example.com,9909168088,Bengaluru,Premium
CUST0244,Nikhil Kumar,nikhil.kumar244@example.com,9158306121,Delhi,Regular
CUST0245,Rahul Kumar,rahul.kumar245@example.com,9666484034,Vijayawada,Premium
CUST0246,Neha Menon,neha.menon246@example.com,9037473532,Chennai,Regular
CUST0247,Aishwarya Patel,aishwarya.patel247@example.com,9082843521,Mumbai,Standard
CUST0248,Kavya Verma,kavya.verma248@example.com,9577795939,Hyderabad,Premium
CUST0249,Kavya Gupta,kavya.gupta249@example.com,9373573519,Coimbatore,Standard
CUST0250,Meera Reddy,meera.reddy250@example.com,9402250921,Hyderabad,Regular
CUST0251,Priya Kumar,priya.kumar251@example.com,9171153076,Visakhapatnam,Premium
CUST0252,Aditya Verma,aditya.verma252@example.com,9397464375,Visakhapatnam,Regular
CUST0253,Kavya Mehta,kavya.mehta253@example.com,9513617993,Visakhapatnam,Premium
CUST0254,Ananya Gupta,ananya.gupta254@example.com,9386614303,Pune,Premium
CUST0255,Arjun Das,arjun.das255@example.com,9768422021,Chennai,Premium
CUST0256,Karthik Iyer,karthik.iyer256@example.com,9798435148,Mumbai,Premium
CUST0257,Nikhil Sharma,nikhil.sharma257@example.com,9700213810,Bengaluru,Regular
CUST0258,Aishwarya Gupta,aishwarya.gupta258@example.com,9874664039,Kolkata,Standard
CUST0259,Neha Joshi,neha.joshi259@example.com,9956203540,Chennai,Regular
CUST0260,Arjun Verma,arjun.verma260@example.com,9864026941,Kolkata,Regular
CUST0261,Pooja Mishra,pooja.mishra261@example.com,9605183424,Mumbai,Regular
CUST0262,Varun Kumar,varun.kumar262@example.com,9160684720,Kolkata,Standard
CUST0263,Divya Nair,divya.nair263@example.com,9695223805,Vijayawada,Standard
CUST0264,Aishwarya Reddy,aishwarya.reddy264@example.com,9171998149,Kolkata,Premium
CUST0265,Rahul Das,rahul.das265@example.com,9537805585,Chennai,Standard
CUST0266,Aishwarya Gupta,aishwarya.gupta266@example.com,9544157995,Bengaluru,Regular
CUST0267,Neha Mishra,neha.mishra267@example.com,9343460216,Kolkata,Premium
CUST0268,Karthik Mishra,karthik.mishra268@example.com,9860423373,Coimbatore,Standard
CUST0269,Sneha Das,sneha.das269@example.com,9237737604,Kolkata,Standard
CUST0270,Pooja Menon,pooja.menon270@example.com,9530707475,Visakhapatnam,Premium
CUST0271,Ananya Patel,ananya.patel271@example.com,9820003134,Kolkata,Standard
CUST0272,Sneha Mehta,sneha.mehta272@example.com,9035185318,Bengaluru,Regular
CUST0273,Aarav Singh,aarav.singh273@example.com,9087222265,Chennai,Regular
CUST0274,Rahul Mehta,rahul.mehta274@example.com,9182697728,Pune,Regular
CUST0275,Rohan Patel,rohan.patel275@example.com,9468315683,Visakhapatnam,Standard
CUST0276,Meera Verma,meera.verma276@example.com,9643232696,Mumbai,Premium
CUST0277,Sanjay Menon,sanjay.menon277@example.com,9208843104,Delhi,Regular
CUST0278,Divya Singh,divya.singh278@example.com,9307517257,Pune,Standard
CUST0279,Meera Das,meera.das279@example.com,9165247759,Pune,Standard
CUST0280,Arjun Patel,arjun.patel280@example.com,9373732284,Visakhapatnam,Standard
CUST0281,Aishwarya Sharma,aishwarya.sharma281@example.com,9411654819,Pune,Regular
CUST0282,Varun Mishra,varun.mishra282@example.com,9943774616,Chennai,Regular
CUST0283,Rohan Patel,rohan.patel283@example.com,9717470664,Coimbatore,Regular
CUST0284,Aarav Kumar,aarav.kumar284@example.com,9579875007,Mumbai,Standard
CUST0285,Ishita Verma,ishita.verma285@example.com,9135182275,Pune,Regular
CUST0286,Rahul Rao,rahul.rao286@example.com,9947198029,Mumbai,Standard
CUST0287,Aarav Gupta,aarav.gupta287@example.com,9517736765,Chennai,Standard
CUST0288,Sneha Mehta,sneha.mehta288@example.com,9801412726,Chennai,Regular
CUST0289,Divya Mehta,divya.mehta289@example.com,9156748562,Bengaluru,Regular
CUST0290,Vikram Gupta,vikram.gupta290@example.com,9125272042,Coimbatore,Regular
CUST0291,Kavya Kumar,kavya.kumar291@example.com,9001549707,Delhi,Standard
CUST0292,Kavya Iyer,kavya.iyer292@example.com,9924010283,Bengaluru,Premium
CUST0293,Priya Kumar,priya.kumar293@example.com,9861346808,Hyderabad,Premium
CUST0294,Karthik Singh,karthik.singh294@example.com,9923876716,Chennai,Premium
CUST0295,Sneha Singh,sneha.singh295@example.com,9945467688,Hyderabad,Regular
CUST0296,Pooja Sharma,pooja.sharma296@example.com,9840608577,Mumbai,Standard
CUST0297,Aditya Nair,aditya.nair297@example.com,9570623638,Vijayawada,Standard
CUST0298,Priya Kumar,priya.kumar298@example.com,9618880429,Chennai,Standard
CUST0299,Kavya Nair,kavya.nair299@example.com,9642484841,Coimbatore,Standard
CUST0300,Aarav Sharma,aarav.sharma300@example.com,9405879685,Coimbatore,Regular
CUST0301,Ishita Das,ishita.das301@example.com,9024564671,Mumbai,Premium
CUST0302,Aditya Rao,aditya.rao302@example.com,9892570117,Kolkata,Premium
CUST0303,Rohan Gupta,rohan.gupta303@example.com,9118281370,Visakhapatnam,Premium
CUST0304,Nikhil Iyer,nikhil.iyer304@example.com,9691450984,Vijayawada,Premium
CUST0305,Varun Reddy,varun.reddy305@example.com,9713685399,Mumbai,Regular
CUST0306,Karthik Rao,karthik.rao306@example.com,9941477278,Vijayawada,Standard
CUST0307,Vikram Patel,vikram.patel307@example.com,9276917915,Pune,Standard
CUST0308,Sneha Menon,sneha.menon308@example.com,9345647828,Chennai,Standard
CUST0309,Sneha Kumar,sneha.kumar309@example.com,9300279610,Delhi,Premium
CUST0310,Neha Kumar,neha.kumar310@example.com,9346652635,Delhi,Standard
CUST0311,Priya Mishra,priya.mishra311@example.com,9347690728,Coimbatore,Premium
CUST0312,Ishita Menon,ishita.menon312@example.com,9571714909,Vijayawada,Premium
CUST0313,Karthik Kumar,karthik.kumar313@example.com,9451523711,Pune,Standard
CUST0314,Priya Menon,priya.menon314@example.com,9966453732,Hyderabad,Standard
CUST0315,Arjun Menon,arjun.menon315@example.com,9545022332,Visakhapatnam,Standard
CUST0316,Pooja Nair,pooja.nair316@example.com,9890649669,Pune,Regular
CUST0317,Sneha Singh,sneha.singh317@example.com,9270575542,Mumbai,Regular
CUST0318,Sanjay Sharma,sanjay.sharma318@example.com,9919500678,Kolkata,Premium
CUST0319,Vikram Nair,vikram.nair319@example.com,9887480607,Chennai,Premium
CUST0320,Arjun Kumar,arjun.kumar320@example.com,9120894443,Kolkata,Standard
CUST0321,Sneha Nair,sneha.nair321@example.com,9070708352,Delhi,Standard
CUST0322,Arjun Verma,arjun.verma322@example.com,9743645137,Vijayawada,Regular
CUST0323,Rahul Verma,rahul.verma323@example.com,9697739551,Chennai,Standard
CUST0324,Aishwarya Singh,aishwarya.singh324@example.com,9593793465,Hyderabad,Premium
CUST0325,Kavya Gupta,kavya.gupta325@example.com,9811788994,Vijayawada,Premium
CUST0326,Meera Mehta,meera.mehta326@example.com,9007431616,Mumbai,Regular
CUST0327,Pooja Iyer,pooja.iyer327@example.com,9366158913,Mumbai,Standard
CUST0328,Divya Verma,divya.verma328@example.com,9817843351,Visakhapatnam,Premium
CUST0329,Rohan Das,rohan.das329@example.com,9881767886,Visakhapatnam,Standard
CUST0330,Karthik Menon,karthik.menon330@example.com,9595594732,Visakhapatnam,Standard
CUST0331,Meera Reddy,meera.reddy331@example.com,9453568861,Vijayawada,Premium
CUST0332,Nikhil Reddy,nikhil.reddy332@example.com,9196974324,Bengaluru,Regular
CUST0333,Ishita Patel,ishita.patel333@example.com,9029344093,Vijayawada,Standard
CUST0334,Rohan Das,rohan.das334@example.com,9755335802,Mumbai,Standard
CUST0335,Karthik Rao,karthik.rao335@example.com,9837808425,Delhi,Premium
CUST0336,Rahul Reddy,rahul.reddy336@example.com,9168643164,Visakhapatnam,Premium
CUST0337,Divya Kumar,divya.kumar337@example.com,9215158119,Vijayawada,Regular
CUST0338,Aishwarya Gupta,aishwarya.gupta338@example.com,9687892644,Mumbai,Regular
CUST0339,Aishwarya Reddy,aishwarya.reddy339@example.com,9781627345,Mumbai,Regular
CUST0340,Karthik Reddy,karthik.reddy340@example.com,9128541046,Chennai,Standard
CUST0341,Sanjay Menon,sanjay.menon341@example.com,9141688765,Pune,Premium
CUST0342,Sanjay Singh,sanjay.singh342@example.com,9287357760,Hyderabad,Regular
CUST0343,Pooja Menon,pooja.menon343@example.com,9282841775,Bengaluru,Standard
CUST0344,Aarav Singh,aarav.singh344@example.com,9663316284,Pune,Standard
CUST0345,Rohan Mehta,rohan.mehta345@example.com,9325515495,Kolkata,Standard
CUST0346,Rahul Das,rahul.das346@example.com,9812791578,Visakhapatnam,Standard
CUST0347,Priya Reddy,priya.reddy347@example.com,9368846023,Visakhapatnam,Premium
CUST0348,Karthik Mishra,karthik.mishra348@example.com,9965759864,Mumbai,Standard
CUST0349,Sanjay Verma,sanjay.verma349@example.com,9175666369,Bengaluru,Regular
CUST0350,Karthik Rao,karthik.rao350@example.com,9642079575,Visakhapatnam,Regular
CUST0351,Ishita Das,ishita.das351@example.com,9261952410,Delhi,Regular
CUST0352,Sneha Menon,sneha.menon352@example.com,9525724342,Pune,Regular
CUST0353,Nikhil Mishra,nikhil.mishra353@example.com,9501069623,Pune,Standard
CUST0354,Neha Kumar,neha.kumar354@example.com,9722373513,Mumbai,Standard
CUST0355,Rohan Reddy,rohan.reddy355@example.com,9969417822,Mumbai,Standard
CUST0356,Ishita Reddy,ishita.reddy356@example.com,9710940898,Pune,Standard
CUST0357,Aditya Iyer,aditya.iyer357@example.com,9885217537,Hyderabad,Premium
CUST0358,Sanjay Menon,sanjay.menon358@example.com,9490387415,Pune,Standard
CUST0359,Aarav Kumar,aarav.kumar359@example.com,9631381229,Pune,Regular
CUST0360,Ananya Iyer,ananya.iyer360@example.com,9447344596,Bengaluru,Standard
CUST0361,Rohan Menon,rohan.menon361@example.com,9243191814,Vijayawada,Standard
CUST0362,Aditya Menon,aditya.menon362@example.com,9428001228,Bengaluru,Regular
CUST0363,Aditya Verma,aditya.verma363@example.com,9359201891,Visakhapatnam,Standard
CUST0364,Neha Reddy,neha.reddy364@example.com,9923574064,Hyderabad,Premium
CUST0365,Aditya Singh,aditya.singh365@example.com,9658012322,Kolkata,Regular
CUST0366,Nikhil Menon,nikhil.menon366@example.com,9835941076,Bengaluru,Premium
CUST0367,Ananya Singh,ananya.singh367@example.com,9108503702,Hyderabad,Premium
CUST0368,Karthik Verma,karthik.verma368@example.com,9274151039,Coimbatore,Regular
CUST0369,Neha Mishra,neha.mishra369@example.com,9249615665,Vijayawada,Standard
CUST0370,Neha Verma,neha.verma370@example.com,9942034105,Hyderabad,Regular
CUST0371,Meera Iyer,meera.iyer371@example.com,9564727757,Vijayawada,Regular
CUST0372,Vikram Singh,vikram.singh372@example.com,9842768206,Vijayawada,Standard
CUST0373,Rohan Verma,rohan.verma373@example.com,9652101144,Visakhapatnam,Regular
CUST0374,Vikram Rao,vikram.rao374@example.com,9005112772,Hyderabad,Premium
CUST0375,Pooja Patel,pooja.patel375@example.com,9337947389,Chennai,Regular
CUST0376,Karthik Sharma,karthik.sharma376@example.com,9518230973,Coimbatore,Premium
CUST0377,Priya Patel,priya.patel377@example.com,9475946336,Chennai,Standard
CUST0378,Neha Nair,neha.nair378@example.com,9142306924,Chennai,Premium
CUST0379,Rohan Gupta,rohan.gupta379@example.com,9170074530,Hyderabad,Regular
CUST0380,Arjun Mehta,arjun.mehta380@example.com,9699606771,Mumbai,Regular
CUST0381,Neha Menon,neha.menon381@example.com,9638703720,Coimbatore,Standard
CUST0382,Meera Nair,meera.nair382@example.com,9611372895,Bengaluru,Standard
CUST0383,Rahul Iyer,rahul.iyer383@example.com,9223063108,Visakhapatnam,Premium
CUST0384,Aditya Joshi,aditya.joshi384@example.com,9098167124,Pune,Premium
CUST0385,Sneha Nair,sneha.nair385@example.com,9609101106,Kolkata,Standard
CUST0386,Pooja Nair,pooja.nair386@example.com,9650270969,Bengaluru,Regular
CUST0387,Priya Rao,priya.rao387@example.com,9594378200,Delhi,Premium
CUST0388,Vikram Nair,vikram.nair388@example.com,9075152617,Kolkata,Standard
CUST0389,Sneha Menon,sneha.menon389@example.com,9634681143,Hyderabad,Standard
CUST0390,Aishwarya Iyer,aishwarya.iyer390@example.com,9995984683,Mumbai,Standard
CUST0391,Neha Patel,neha.patel391@example.com,9357349002,Chennai,Standard
CUST0392,Rahul Mishra,rahul.mishra392@example.com,9332808625,Vijayawada,Standard
CUST0393,Varun Reddy,varun.reddy393@example.com,9041282235,Visakhapatnam,Premium
CUST0394,Arjun Joshi,arjun.joshi394@example.com,9344878060,Visakhapatnam,Regular
CUST0395,Arjun Menon,arjun.menon395@example.com,9073848826,Visakhapatnam,Premium
CUST0396,Karthik Kumar,karthik.kumar396@example.com,9305152073,Coimbatore,Standard
CUST0397,Varun Nair,varun.nair397@example.com,9047134752,Kolkata,Standard
CUST0398,Divya Menon,divya.menon398@example.com,9674135595,Mumbai,Premium
CUST0399,Rohan Menon,rohan.menon399@example.com,9465143136,Delhi,Premium
CUST0400,Ishita Gupta,ishita.gupta400@example.com,9886492617,Bengaluru,Premium
CUST0401,Priya Patel,priya.patel401@example.com,9998806140,Mumbai,Standard
CUST0402,Neha Patel,neha.patel402@example.com,9252471605,Vijayawada,Premium
CUST0403,Rohan Reddy,rohan.reddy403@example.com,9026249066,Pune,Premium
CUST0404,Aarav Verma,aarav.verma404@example.com,9862390385,Hyderabad,Premium
CUST0405,Sanjay Iyer,sanjay.iyer405@example.com,9570934706,Pune,Standard
CUST0406,Meera Patel,meera.patel406@example.com,9992023999,Delhi,Premium
CUST0407,Rahul Rao,rahul.rao407@example.com,9860396622,Hyderabad,Regular
CUST0408,Meera Mishra,meera.mishra408@example.com,9641656216,Vijayawada,Premium
CUST0409,Divya Mishra,divya.mishra409@example.com,9919935913,Hyderabad,Standard
CUST0410,Aarav Menon,aarav.menon410@example.com,9399378671,Mumbai,Premium
CUST0411,Rahul Reddy,rahul.reddy411@example.com,9096665200,Coimbatore,Premium
CUST0412,Sanjay Das,sanjay.das412@example.com,9673841107,Chennai,Regular
CUST0413,Divya Patel,divya.patel413@example.com,9797099843,Coimbatore,Premium
CUST0414,Divya Singh,divya.singh414@example.com,9768739556,Chennai,Standard
CUST0415,Sneha Iyer,sneha.iyer415@example.com,9488259037,Chennai,Premium
CUST0416,Meera Iyer,meera.iyer416@example.com,9338446051,Coimbatore,Premium
CUST0417,Sanjay Sharma,sanjay.sharma417@example.com,9158533048,Mumbai,Regular
CUST0418,Arjun Verma,arjun.verma418@example.com,9367170760,Kolkata,Standard
CUST0419,Sanjay Gupta,sanjay.gupta419@example.com,9933795618,Hyderabad,Standard
CUST0420,Priya Singh,priya.singh420@example.com,9379218907,Chennai,Regular
CUST0421,Pooja Das,pooja.das421@example.com,9486426446,Chennai,Premium
CUST0422,Neha Verma,neha.verma422@example.com,9658016086,Visakhapatnam,Regular
CUST0423,Aditya Mishra,aditya.mishra423@example.com,9019126655,Coimbatore,Standard
CUST0424,Varun Rao,varun.rao424@example.com,9902330452,Hyderabad,Premium
CUST0425,Rohan Rao,rohan.rao425@example.com,9556617694,Visakhapatnam,Standard
CUST0426,Meera Singh,meera.singh426@example.com,9635931556,Coimbatore,Premium
CUST0427,Aishwarya Patel,aishwarya.patel427@example.com,9790061879,Kolkata,Premium
CUST0428,Aditya Rao,aditya.rao428@example.com,9560227353,Chennai,Premium
CUST0429,Aditya Rao,aditya.rao429@example.com,9359818944,Chennai,Standard
CUST0430,Rahul Iyer,rahul.iyer430@example.com,9148848905,Visakhapatnam,Standard
CUST0431,Aditya Nair,aditya.nair431@example.com,9526783920,Kolkata,Standard
CUST0432,Neha Das,neha.das432@example.com,9161173872,Bengaluru,Regular
CUST0433,Kavya Rao,kavya.rao433@example.com,9492317794,Chennai,Regular
CUST0434,Sanjay Reddy,sanjay.reddy434@example.com,9197571889,Hyderabad,Premium
CUST0435,Priya Iyer,priya.iyer435@example.com,9381308838,Bengaluru,Standard
CUST0436,Meera Kumar,meera.kumar436@example.com,9538312341,Hyderabad,Premium
CUST0437,Rohan Sharma,rohan.sharma437@example.com,9065233172,Mumbai,Premium
CUST0438,Arjun Verma,arjun.verma438@example.com,9634146104,Hyderabad,Standard
CUST0439,Aishwarya Mishra,aishwarya.mishra439@example.com,9586638765,Coimbatore,Standard
CUST0440,Rahul Sharma,rahul.sharma440@example.com,9894467422,Visakhapatnam,Regular
CUST0441,Ishita Singh,ishita.singh441@example.com,9193834014,Hyderabad,Regular
CUST0442,Ishita Gupta,ishita.gupta442@example.com,9554715034,Visakhapatnam,Regular
CUST0443,Kavya Gupta,kavya.gupta443@example.com,9214026495,Pune,Standard
CUST0444,Kavya Reddy,kavya.reddy444@example.com,9609545458,Hyderabad,Regular
CUST0445,Karthik Sharma,karthik.sharma445@example.com,9565836021,Visakhapatnam,Standard
CUST0446,Aarav Menon,aarav.menon446@example.com,9115351635,Delhi,Regular
CUST0447,Ishita Sharma,ishita.sharma447@example.com,9565880990,Vijayawada,Regular
CUST0448,Sneha Das,sneha.das448@example.com,9204567442,Hyderabad,Regular
CUST0449,Rahul Patel,rahul.patel449@example.com,9583428106,Hyderabad,Standard
CUST0450,Pooja Mehta,pooja.mehta450@example.com,9490644764,Hyderabad,Regular
CUST0451,Sanjay Singh,sanjay.singh451@example.com,9543165825,Kolkata,Standard
CUST0452,Varun Rao,varun.rao452@example.com,9004359075,Delhi,Regular
CUST0453,Sanjay Sharma,sanjay.sharma453@example.com,9562666655,Visakhapatnam,Premium
CUST0454,Aditya Nair,aditya.nair454@example.com,9745474972,Chennai,Standard
CUST0455,Aishwarya Joshi,aishwarya.joshi455@example.com,9372655627,Chennai,Regular
CUST0456,Pooja Sharma,pooja.sharma456@example.com,9107262276,Visakhapatnam,Standard
CUST0457,Rahul Mehta,rahul.mehta457@example.com,9482747830,Hyderabad,Standard
CUST0458,Rahul Das,rahul.das458@example.com,9497246273,Delhi,Premium
CUST0459,Priya Reddy,priya.reddy459@example.com,9444992632,Vijayawada,Regular
CUST0460,Aarav Verma,aarav.verma460@example.com,9946960969,Kolkata,Standard
CUST0461,Rohan Rao,rohan.rao461@example.com,9282546267,Vijayawada,Regular
CUST0462,Ananya Rao,ananya.rao462@example.com,9568001422,Mumbai,Premium
CUST0463,Aarav Gupta,aarav.gupta463@example.com,9096896718,Hyderabad,Regular
CUST0464,Varun Menon,varun.menon464@example.com,9986249692,Kolkata,Standard
CUST0465,Aditya Verma,aditya.verma465@example.com,9107330924,Coimbatore,Premium
CUST0466,Aishwarya Singh,aishwarya.singh466@example.com,9141726971,Bengaluru,Premium
CUST0467,Varun Joshi,varun.joshi467@example.com,9248169627,Kolkata,Standard
CUST0468,Aarav Nair,aarav.nair468@example.com,9774478023,Coimbatore,Premium
CUST0469,Varun Nair,varun.nair469@example.com,9936469059,Bengaluru,Regular
CUST0470,Meera Mehta,meera.mehta470@example.com,9259623164,Coimbatore,Standard
CUST0471,Vikram Reddy,vikram.reddy471@example.com,9009237649,Coimbatore,Premium
CUST0472,Priya Rao,priya.rao472@example.com,9070186468,Hyderabad,Standard
CUST0473,Varun Patel,varun.patel473@example.com,9901649071,Hyderabad,Standard
CUST0474,Priya Mishra,priya.mishra474@example.com,9374158147,Mumbai,Premium
CUST0475,Vikram Singh,vikram.singh475@example.com,9387416539,Mumbai,Premium
CUST0476,Varun Reddy,varun.reddy476@example.com,9311465490,Bengaluru,Standard
CUST0477,Aishwarya Singh,aishwarya.singh477@example.com,9704010684,Coimbatore,Standard
CUST0478,Rahul Patel,rahul.patel478@example.com,9124216576,Bengaluru,Standard
CUST0479,Meera Rao,meera.rao479@example.com,9451996895,Coimbatore,Standard
CUST0480,Vikram Verma,vikram.verma480@example.com,9011894190,Pune,Regular
CUST0481,Vikram Singh,vikram.singh481@example.com,9268410510,Vijayawada,Premium
CUST0482,Arjun Mishra,arjun.mishra482@example.com,9245478212,Mumbai,Standard
CUST0483,Divya Das,divya.das483@example.com,9180504261,Pune,Premium
CUST0484,Nikhil Joshi,nikhil.joshi484@example.com,9132305214,Kolkata,Premium
CUST0485,Aditya Patel,aditya.patel485@example.com,9867661980,Vijayawada,Regular
CUST0486,Vikram Gupta,vikram.gupta486@example.com,9440482429,Hyderabad,Standard
CUST0487,Aarav Singh,aarav.singh487@example.com,9904705478,Coimbatore,Regular
CUST0488,Kavya Sharma,kavya.sharma488@example.com,9507912604,Delhi,Premium
CUST0489,Nikhil Das,nikhil.das489@example.com,9559417186,Chennai,Standard
CUST0490,Arjun Singh,arjun.singh490@example.com,9830429577,Bengaluru,Standard
CUST0491,Aditya Joshi,aditya.joshi491@example.com,9959303403,Vijayawada,Standard
CUST0492,Arjun Nair,arjun.nair492@example.com,9729214959,Mumbai,Standard
CUST0493,Kavya Rao,kavya.rao493@example.com,9326203451,Vijayawada,Standard
CUST0494,Neha Mishra,neha.mishra494@example.com,9267989084,Bengaluru,Regular
CUST0495,Ananya Verma,ananya.verma495@example.com,9901111290,Kolkata,Standard
CUST0496,Neha Mishra,neha.mishra496@example.com,9134620829,Pune,Regular
CUST0497,Varun Rao,varun.rao497@example.com,9674655458,Delhi,Premium
CUST0498,Rohan Patel,rohan.patel498@example.com,9497034197,Delhi,Premium
CUST0499,Ananya Das,ananya.das499@example.com,9797119543,Mumbai,Standard
CUST0500,Priya Mehta,priya.mehta500@example.com,9333513944,Hyderabad,Regular
CUST0501,Aditya Reddy,aditya.reddy501@example.com,9079374299,Visakhapatnam,Standard
CUST0502,Rahul Menon,rahul.menon502@example.com,9594679153,Kolkata,Standard
CUST0503,Kavya Iyer,kavya.iyer503@example.com,9336157710,Coimbatore,Standard
CUST0504,Arjun Nair,arjun.nair504@example.com,9346506374,Kolkata,Regular
CUST0505,Aarav Verma,aarav.verma505@example.com,9334528744,Hyderabad,Standard
CUST0506,Divya Joshi,divya.joshi506@example.com,9815024890,Visakhapatnam,Regular
CUST0507,Arjun Kumar,arjun.kumar507@example.com,9494577113,Vijayawada,Regular
CUST0508,Priya Das,priya.das508@example.com,9883540029,Coimbatore,Premium
CUST0509,Meera Singh,meera.singh509@example.com,9196074953,Coimbatore,Standard
CUST0510,Divya Das,divya.das510@example.com,9269837025,Hyderabad,Regular
CUST0511,Nikhil Mishra,nikhil.mishra511@example.com,9630369026,Bengaluru,Standard
CUST0512,Vikram Menon,vikram.menon512@example.com,9675133872,Pune,Premium
CUST0513,Neha Gupta,neha.gupta513@example.com,9311274912,Vijayawada,Premium
CUST0514,Vikram Menon,vikram.menon514@example.com,9868555714,Bengaluru,Premium
CUST0515,Rahul Mishra,rahul.mishra515@example.com,9036149591,Delhi,Premium
CUST0516,Sneha Patel,sneha.patel516@example.com,9166329471,Chennai,Regular
CUST0517,Divya Kumar,divya.kumar517@example.com,9106549030,Bengaluru,Premium
CUST0518,Aishwarya Patel,aishwarya.patel518@example.com,9526017253,Vijayawada,Standard
CUST0519,Aishwarya Patel,aishwarya.patel519@example.com,9508757917,Chennai,Standard
CUST0520,Sneha Mishra,sneha.mishra520@example.com,9257354913,Kolkata,Regular
CUST0521,Vikram Nair,vikram.nair521@example.com,9219111775,Chennai,Premium
CUST0522,Aditya Iyer,aditya.iyer522@example.com,9126394528,Mumbai,Premium
CUST0523,Pooja Mehta,pooja.mehta523@example.com,9306635613,Visakhapatnam,Premium
CUST0524,Ananya Sharma,ananya.sharma524@example.com,9312842447,Visakhapatnam,Standard
CUST0525,Rohan Menon,rohan.menon525@example.com,9764464427,Bengaluru,Premium
CUST0526,Rohan Iyer,rohan.iyer526@example.com,9461000693,Pune,Premium
CUST0527,Meera Gupta,meera.gupta527@example.com,9676544245,Vijayawada,Regular
CUST0528,Neha Nair,neha.nair528@example.com,9079814840,Hyderabad,Standard
CUST0529,Meera Mishra,meera.mishra529@example.com,9741741666,Visakhapatnam,Regular
CUST0530,Pooja Nair,pooja.nair530@example.com,9853496393,Chennai,Standard
CUST0531,Priya Reddy,priya.reddy531@example.com,9837083033,Pune,Premium
CUST0532,Kavya Patel,kavya.patel532@example.com,9230681150,Kolkata,Standard
CUST0533,Sanjay Mishra,sanjay.mishra533@example.com,9404035304,Mumbai,Regular
CUST0534,Pooja Nair,pooja.nair534@example.com,9861292690,Vijayawada,Premium
CUST0535,Meera Verma,meera.verma535@example.com,9094270803,Bengaluru,Standard
CUST0536,Sanjay Iyer,sanjay.iyer536@example.com,9430852634,Delhi,Standard
CUST0537,Sanjay Iyer,sanjay.iyer537@example.com,9658651468,Coimbatore,Regular
CUST0538,Neha Menon,neha.menon538@example.com,9674565311,Delhi,Regular
CUST0539,Divya Rao,divya.rao539@example.com,9896822162,Mumbai,Premium
CUST0540,Rahul Patel,rahul.patel540@example.com,9073494922,Chennai,Regular
CUST0541,Rohan Mehta,rohan.mehta541@example.com,9560770832,Bengaluru,Regular
CUST0542,Ishita Mehta,ishita.mehta542@example.com,9609711795,Visakhapatnam,Standard
CUST0543,Rohan Iyer,rohan.iyer543@example.com,9821835372,Kolkata,Premium
CUST0544,Rahul Sharma,rahul.sharma544@example.com,9194254393,Kolkata,Regular
CUST0545,Kavya Verma,kavya.verma545@example.com,9893780968,Chennai,Standard
CUST0546,Kavya Verma,kavya.verma546@example.com,9539381883,Kolkata,Regular
CUST0547,Meera Sharma,meera.sharma547@example.com,9972814386,Chennai,Regular
CUST0548,Arjun Das,arjun.das548@example.com,9747934911,Delhi,Standard
CUST0549,Arjun Rao,arjun.rao549@example.com,9475367614,Hyderabad,Premium
CUST0550,Karthik Patel,karthik.patel550@example.com,9630159878,Kolkata,Regular
CUST0551,Nikhil Iyer,nikhil.iyer551@example.com,9811532033,Kolkata,Standard
CUST0552,Kavya Kumar,kavya.kumar552@example.com,9996699171,Kolkata,Standard
CUST0553,Divya Gupta,divya.gupta553@example.com,9203917494,Coimbatore,Premium
CUST0554,Kavya Joshi,kavya.joshi554@example.com,9298273422,Delhi,Standard
CUST0555,Vikram Singh,vikram.singh555@example.com,9170924256,Bengaluru,Premium
CUST0556,Pooja Reddy,pooja.reddy556@example.com,9893234505,Chennai,Regular
CUST0557,Kavya Iyer,kavya.iyer557@example.com,9999957026,Delhi,Regular
CUST0558,Ishita Reddy,ishita.reddy558@example.com,9955259813,Vijayawada,Regular
CUST0559,Rahul Verma,rahul.verma559@example.com,9101887928,Visakhapatnam,Regular
CUST0560,Sanjay Rao,sanjay.rao560@example.com,9417495964,Mumbai,Premium
CUST0561,Priya Patel,priya.patel561@example.com,9141418449,Vijayawada,Regular
CUST0562,Nikhil Iyer,nikhil.iyer562@example.com,9171322878,Visakhapatnam,Standard
CUST0563,Varun Patel,varun.patel563@example.com,9595540768,Chennai,Regular
CUST0564,Sneha Singh,sneha.singh564@example.com,9391304746,Delhi,Standard
CUST0565,Aarav Rao,aarav.rao565@example.com,9969377952,Chennai,Standard
CUST0566,Meera Rao,meera.rao566@example.com,9775602273,Chennai,Premium
CUST0567,Ananya Singh,ananya.singh567@example.com,9727614483,Visakhapatnam,Premium
CUST0568,Ishita Mehta,ishita.mehta568@example.com,9031432604,Pune,Standard
CUST0569,Ananya Singh,ananya.singh569@example.com,9605966795,Vijayawada,Premium
CUST0570,Meera Iyer,meera.iyer570@example.com,9494119852,Chennai,Standard
CUST0571,Arjun Mishra,arjun.mishra571@example.com,9014065220,Vijayawada,Premium
CUST0572,Sneha Joshi,sneha.joshi572@example.com,9611308254,Coimbatore,Standard
CUST0573,Rohan Rao,rohan.rao573@example.com,9981176815,Chennai,Regular
CUST0574,Sneha Kumar,sneha.kumar574@example.com,9146896469,Pune,Standard
CUST0575,Karthik Menon,karthik.menon575@example.com,9310109826,Mumbai,Regular
CUST0576,Neha Patel,neha.patel576@example.com,9071419744,Chennai,Regular
CUST0577,Varun Patel,varun.patel577@example.com,9258006798,Visakhapatnam,Standard
CUST0578,Neha Verma,neha.verma578@example.com,9035799820,Chennai,Regular
CUST0579,Varun Rao,varun.rao579@example.com,9526816644,Hyderabad,Regular
CUST0580,Vikram Iyer,vikram.iyer580@example.com,9322936861,Delhi,Standard
CUST0581,Karthik Singh,karthik.singh581@example.com,9867778627,Coimbatore,Premium
CUST0582,Ananya Patel,ananya.patel582@example.com,9147942593,Delhi,Regular
CUST0583,Ananya Reddy,ananya.reddy583@example.com,9880046122,Pune,Regular
CUST0584,Priya Menon,priya.menon584@example.com,9821656794,Coimbatore,Premium
CUST0585,Sneha Menon,sneha.menon585@example.com,9679801689,Hyderabad,Standard
CUST0586,Meera Joshi,meera.joshi586@example.com,9457063184,Kolkata,Premium
CUST0587,Kavya Das,kavya.das587@example.com,9835037361,Vijayawada,Regular
CUST0588,Kavya Reddy,kavya.reddy588@example.com,9844487301,Chennai,Standard
CUST0589,Sanjay Sharma,sanjay.sharma589@example.com,9039107669,Chennai,Standard
CUST0590,Sanjay Verma,sanjay.verma590@example.com,9487873389,Visakhapatnam,Premium
CUST0591,Karthik Iyer,karthik.iyer591@example.com,9686643867,Delhi,Premium
CUST0592,Priya Nair,priya.nair592@example.com,9377192055,Hyderabad,Premium
CUST0593,Aarav Mishra,aarav.mishra593@example.com,9752779103,Vijayawada,Regular
CUST0594,Sneha Kumar,sneha.kumar594@example.com,9794503275,Vijayawada,Standard
CUST0595,Kavya Rao,kavya.rao595@example.com,9268513715,Mumbai,Regular
CUST0596,Nikhil Sharma,nikhil.sharma596@example.com,9144041206,Kolkata,Standard
CUST0597,Neha Nair,neha.nair597@example.com,9785696974,Hyderabad,Premium
CUST0598,Sanjay Reddy,sanjay.reddy598@example.com,9449556401,Vijayawada,Regular
CUST0599,Sneha Gupta,sneha.gupta599@example.com,9813251332,Chennai,Premium
CUST0600,Rahul Menon,rahul.menon600@example.com,9508828413,Chennai,Regular
CUST0601,Pooja Gupta,pooja.gupta601@example.com,9343388116,Coimbatore,Standard
CUST0602,Nikhil Reddy,nikhil.reddy602@example.com,9837642359,Coimbatore,Standard
CUST0603,Rohan Mehta,rohan.mehta603@example.com,9010673660,Visakhapatnam,Standard
CUST0604,Varun Menon,varun.menon604@example.com,9051481910,Mumbai,Premium
CUST0605,Varun Iyer,varun.iyer605@example.com,9053549310,Vijayawada,Regular
CUST0606,Karthik Verma,karthik.verma606@example.com,9095217196,Chennai,Standard
CUST0607,Aditya Reddy,aditya.reddy607@example.com,9003343381,Mumbai,Premium
CUST0608,Aishwarya Gupta,aishwarya.gupta608@example.com,9255923500,Mumbai,Premium
CUST0609,Rohan Nair,rohan.nair609@example.com,9962573406,Mumbai,Premium
CUST0610,Ishita Nair,ishita.nair610@example.com,9975494048,Delhi,Standard
CUST0611,Ananya Kumar,ananya.kumar611@example.com,9092269828,Delhi,Premium
CUST0612,Ananya Joshi,ananya.joshi612@example.com,9500687982,Vijayawada,Regular
CUST0613,Aditya Mehta,aditya.mehta613@example.com,9274293450,Hyderabad,Standard
CUST0614,Aarav Gupta,aarav.gupta614@example.com,9496487757,Bengaluru,Standard
CUST0615,Aarav Mishra,aarav.mishra615@example.com,9866388317,Chennai,Premium
CUST0616,Nikhil Rao,nikhil.rao616@example.com,9942029306,Delhi,Standard
CUST0617,Kavya Patel,kavya.patel617@example.com,9990476096,Bengaluru,Regular
CUST0618,Varun Nair,varun.nair618@example.com,9456565010,Delhi,Standard
CUST0619,Kavya Mishra,kavya.mishra619@example.com,9571696525,Coimbatore,Premium
CUST0620,Divya Mehta,divya.mehta620@example.com,9668384154,Vijayawada,Premium
CUST0621,Kavya Kumar,kavya.kumar621@example.com,9244010507,Kolkata,Premium
CUST0622,Kavya Patel,kavya.patel622@example.com,9136048563,Delhi,Premium
CUST0623,Sneha Iyer,sneha.iyer623@example.com,9230379767,Coimbatore,Standard
CUST0624,Sneha Sharma,sneha.sharma624@example.com,9993867080,Visakhapatnam,Standard
CUST0625,Divya Sharma,divya.sharma625@example.com,9100846487,Visakhapatnam,Premium
CUST0626,Nikhil Singh,nikhil.singh626@example.com,9446166055,Bengaluru,Premium
CUST0627,Aarav Gupta,aarav.gupta627@example.com,9758915346,Hyderabad,Premium
CUST0628,Rahul Menon,rahul.menon628@example.com,9015563551,Coimbatore,Regular
CUST0629,Aishwarya Rao,aishwarya.rao629@example.com,9295612850,Pune,Premium
CUST0630,Vikram Mehta,vikram.mehta630@example.com,9973669535,Pune,Standard
CUST0631,Meera Singh,meera.singh631@example.com,9318949664,Mumbai,Premium
CUST0632,Pooja Joshi,pooja.joshi632@example.com,9788348003,Vijayawada,Premium
CUST0633,Rahul Verma,rahul.verma633@example.com,9469391222,Hyderabad,Regular
CUST0634,Neha Patel,neha.patel634@example.com,9108906371,Mumbai,Regular
CUST0635,Nikhil Patel,nikhil.patel635@example.com,9331576471,Hyderabad,Premium
CUST0636,Vikram Nair,vikram.nair636@example.com,9335920615,Hyderabad,Regular
CUST0637,Kavya Kumar,kavya.kumar637@example.com,9621554777,Visakhapatnam,Premium
CUST0638,Ananya Nair,ananya.nair638@example.com,9387351754,Coimbatore,Regular
CUST0639,Rohan Gupta,rohan.gupta639@example.com,9495022833,Kolkata,Standard
CUST0640,Ananya Mishra,ananya.mishra640@example.com,9820725205,Pune,Regular
CUST0641,Nikhil Iyer,nikhil.iyer641@example.com,9434204209,Delhi,Standard
CUST0642,Sanjay Nair,sanjay.nair642@example.com,9679000213,Delhi,Standard
CUST0643,Rohan Patel,rohan.patel643@example.com,9799779028,Kolkata,Regular
CUST0644,Varun Menon,varun.menon644@example.com,9645713274,Vijayawada,Standard
CUST0645,Neha Menon,neha.menon645@example.com,9483084944,Vijayawada,Premium
CUST0646,Ishita Reddy,ishita.reddy646@example.com,9519088346,Kolkata,Standard
CUST0647,Neha Verma,neha.verma647@example.com,9307919366,Visakhapatnam,Standard
CUST0648,Karthik Singh,karthik.singh648@example.com,9235115480,Bengaluru,Standard
CUST0649,Neha Reddy,neha.reddy649@example.com,9064109226,Bengaluru,Regular
CUST0650,Priya Rao,priya.rao650@example.com,9518411540,Mumbai,Premium
CUST0651,Vikram Verma,vikram.verma651@example.com,9474695562,Chennai,Premium
CUST0652,Nikhil Sharma,nikhil.sharma652@example.com,9862354400,Coimbatore,Regular
CUST0653,Meera Singh,meera.singh653@example.com,9681287491,Visakhapatnam,Premium
CUST0654,Karthik Joshi,karthik.joshi654@example.com,9928262967,Mumbai,Regular
CUST0655,Divya Menon,divya.menon655@example.com,9590173425,Coimbatore,Premium
CUST0656,Arjun Mehta,arjun.mehta656@example.com,9673783019,Pune,Standard
CUST0657,Nikhil Iyer,nikhil.iyer657@example.com,9406744218,Visakhapatnam,Premium
CUST0658,Ananya Verma,ananya.verma658@example.com,9171602417,Vijayawada,Premium
CUST0659,Nikhil Joshi,nikhil.joshi659@example.com,9065661645,Chennai,Regular
CUST0660,Vikram Mishra,vikram.mishra660@example.com,9291000860,Bengaluru,Standard
CUST0661,Ananya Joshi,ananya.joshi661@example.com,9141351259,Bengaluru,Premium
CUST0662,Vikram Sharma,vikram.sharma662@example.com,9314334086,Pune,Premium
CUST0663,Arjun Mishra,arjun.mishra663@example.com,9235915981,Bengaluru,Standard
CUST0664,Aditya Mehta,aditya.mehta664@example.com,9669636838,Coimbatore,Premium
CUST0665,Aditya Kumar,aditya.kumar665@example.com,9653625926,Bengaluru,Regular
CUST0666,Kavya Joshi,kavya.joshi666@example.com,9420142362,Visakhapatnam,Regular
CUST0667,Aditya Reddy,aditya.reddy667@example.com,9267596208,Pune,Regular
CUST0668,Kavya Patel,kavya.patel668@example.com,9596267633,Coimbatore,Standard
CUST0669,Aarav Sharma,aarav.sharma669@example.com,9801612058,Mumbai,Premium
CUST0670,Sanjay Sharma,sanjay.sharma670@example.com,9441146359,Mumbai,Regular
CUST0671,Pooja Sharma,pooja.sharma671@example.com,9933446419,Coimbatore,Premium
CUST0672,Karthik Singh,karthik.singh672@example.com,9879517244,Kolkata,Standard
CUST0673,Aishwarya Iyer,aishwarya.iyer673@example.com,9014110574,Kolkata,Regular
CUST0674,Ishita Singh,ishita.singh674@example.com,9465409351,Kolkata,Regular
CUST0675,Ishita Nair,ishita.nair675@example.com,9763034249,Pune,Standard
CUST0676,Aarav Joshi,aarav.joshi676@example.com,9616912561,Bengaluru,Premium
CUST0677,Karthik Singh,karthik.singh677@example.com,9790981465,Vijayawada,Standard
CUST0678,Karthik Gupta,karthik.gupta678@example.com,9348706731,Mumbai,Standard
CUST0679,Karthik Joshi,karthik.joshi679@example.com,9398006567,Hyderabad,Premium
CUST0680,Ishita Reddy,ishita.reddy680@example.com,9711948101,Mumbai,Regular
CUST0681,Divya Iyer,divya.iyer681@example.com,9668123235,Coimbatore,Regular
CUST0682,Sneha Kumar,sneha.kumar682@example.com,9070590506,Delhi,Regular
CUST0683,Pooja Menon,pooja.menon683@example.com,9343898963,Chennai,Regular
CUST0684,Aditya Menon,aditya.menon684@example.com,9146781682,Mumbai,Regular
CUST0685,Nikhil Gupta,nikhil.gupta685@example.com,9685606936,Chennai,Standard
CUST0686,Aditya Mehta,aditya.mehta686@example.com,9464604999,Bengaluru,Standard
CUST0687,Karthik Verma,karthik.verma687@example.com,9678877040,Vijayawada,Regular
CUST0688,Ananya Mishra,ananya.mishra688@example.com,9416227604,Chennai,Premium
CUST0689,Aditya Mishra,aditya.mishra689@example.com,9327696696,Coimbatore,Premium
CUST0690,Aditya Das,aditya.das690@example.com,9259039776,Vijayawada,Regular
CUST0691,Kavya Patel,kavya.patel691@example.com,9221351951,Pune,Regular
CUST0692,Varun Joshi,varun.joshi692@example.com,9005893367,Vijayawada,Standard
CUST0693,Aishwarya Gupta,aishwarya.gupta693@example.com,9235419844,Visakhapatnam,Regular
CUST0694,Rahul Joshi,rahul.joshi694@example.com,9687539197,Coimbatore,Standard
CUST0695,Vikram Iyer,vikram.iyer695@example.com,9290817892,Chennai,Premium
CUST0696,Pooja Joshi,pooja.joshi696@example.com,9396895369,Kolkata,Regular
CUST0697,Arjun Nair,arjun.nair697@example.com,9729750378,Chennai,Standard
CUST0698,Meera Iyer,meera.iyer698@example.com,9654482816,Pune,Standard
CUST0699,Varun Sharma,varun.sharma699@example.com,9691948909,Hyderabad,Premium
CUST0700,Sneha Nair,sneha.nair700@example.com,9659640246,Hyderabad,Standard
CUST0701,Karthik Menon,karthik.menon701@example.com,9676786263,Bengaluru,Premium
CUST0702,Arjun Sharma,arjun.sharma702@example.com,9465055277,Hyderabad,Regular
CUST0703,Pooja Mehta,pooja.mehta703@example.com,9721378547,Kolkata,Standard
CUST0704,Neha Menon,neha.menon704@example.com,9845577179,Bengaluru,Premium
CUST0705,Aishwarya Joshi,aishwarya.joshi705@example.com,9158112158,Chennai,Premium
CUST0706,Sneha Nair,sneha.nair706@example.com,9291962099,Delhi,Standard
CUST0707,Neha Iyer,neha.iyer707@example.com,9143996566,Chennai,Premium
CUST0708,Priya Patel,priya.patel708@example.com,9182155274,Vijayawada,Regular
CUST0709,Rohan Singh,rohan.singh709@example.com,9614969126,Delhi,Standard
CUST0710,Vikram Joshi,vikram.joshi710@example.com,9368641940,Visakhapatnam,Premium
CUST0711,Arjun Verma,arjun.verma711@example.com,9115063328,Mumbai,Regular
CUST0712,Aarav Sharma,aarav.sharma712@example.com,9393191738,Coimbatore,Premium
CUST0713,Sanjay Rao,sanjay.rao713@example.com,9785681933,Vijayawada,Standard
CUST0714,Aishwarya Mishra,aishwarya.mishra714@example.com,9841051137,Chennai,Standard
CUST0715,Ishita Joshi,ishita.joshi715@example.com,9764443429,Vijayawada,Standard
CUST0716,Kavya Verma,kavya.verma716@example.com,9603786020,Visakhapatnam,Premium
CUST0717,Arjun Joshi,arjun.joshi717@example.com,9298096914,Vijayawada,Standard
CUST0718,Sneha Singh,sneha.singh718@example.com,9018045396,Vijayawada,Standard
CUST0719,Aishwarya Kumar,aishwarya.kumar719@example.com,9696852085,Chennai,Regular
CUST0720,Pooja Singh,pooja.singh720@example.com,9193688824,Delhi,Premium
CUST0721,Aarav Joshi,aarav.joshi721@example.com,9639995898,Coimbatore,Premium
CUST0722,Ishita Kumar,ishita.kumar722@example.com,9633081314,Bengaluru,Standard
CUST0723,Sanjay Mishra,sanjay.mishra723@example.com,9114162324,Hyderabad,Standard
CUST0724,Rohan Sharma,rohan.sharma724@example.com,9964170871,Delhi,Premium
CUST0725,Rahul Singh,rahul.singh725@example.com,9430699914,Coimbatore,Standard
CUST0726,Rahul Rao,rahul.rao726@example.com,9773778197,Hyderabad,Premium
CUST0727,Ishita Nair,ishita.nair727@example.com,9060845042,Bengaluru,Regular
CUST0728,Kavya Gupta,kavya.gupta728@example.com,9152789281,Bengaluru,Standard
CUST0729,Sanjay Gupta,sanjay.gupta729@example.com,9195621099,Kolkata,Premium
CUST0730,Aishwarya Patel,aishwarya.patel730@example.com,9004362345,Chennai,Regular
CUST0731,Sneha Verma,sneha.verma731@example.com,9397281063,Delhi,Regular
CUST0732,Rohan Mishra,rohan.mishra732@example.com,9642431667,Hyderabad,Regular
CUST0733,Ishita Joshi,ishita.joshi733@example.com,9875622501,Visakhapatnam,Premium
CUST0734,Priya Gupta,priya.gupta734@example.com,9988140963,Coimbatore,Premium
CUST0735,Neha Joshi,neha.joshi735@example.com,9114787853,Pune,Regular
CUST0736,Sneha Mishra,sneha.mishra736@example.com,9445971292,Visakhapatnam,Premium
CUST0737,Vikram Joshi,vikram.joshi737@example.com,9845504553,Visakhapatnam,Regular
CUST0738,Vikram Reddy,vikram.reddy738@example.com,9055095572,Mumbai,Regular
CUST0739,Rohan Nair,rohan.nair739@example.com,9125269218,Chennai,Standard
CUST0740,Kavya Das,kavya.das740@example.com,9216693982,Hyderabad,Regular
CUST0741,Aishwarya Verma,aishwarya.verma741@example.com,9308829195,Visakhapatnam,Premium
CUST0742,Karthik Mehta,karthik.mehta742@example.com,9266243268,Kolkata,Premium
CUST0743,Nikhil Patel,nikhil.patel743@example.com,9741444815,Hyderabad,Standard
CUST0744,Meera Kumar,meera.kumar744@example.com,9388611446,Kolkata,Premium
CUST0745,Sanjay Reddy,sanjay.reddy745@example.com,9786308760,Mumbai,Premium
CUST0746,Rohan Reddy,rohan.reddy746@example.com,9957075880,Hyderabad,Regular
CUST0747,Varun Mishra,varun.mishra747@example.com,9413106618,Bengaluru,Standard
CUST0748,Meera Sharma,meera.sharma748@example.com,9581904162,Kolkata,Standard
CUST0749,Sneha Iyer,sneha.iyer749@example.com,9111936199,Chennai,Standard
CUST0750,Rahul Reddy,rahul.reddy750@example.com,9431486628,Delhi,Regular
CUST0751,Ishita Mishra,ishita.mishra751@example.com,9297789711,Coimbatore,Standard
CUST0752,Pooja Das,pooja.das752@example.com,9059209133,Kolkata,Regular
CUST0753,Divya Gupta,divya.gupta753@example.com,9738624455,Mumbai,Regular
CUST0754,Arjun Gupta,arjun.gupta754@example.com,9757820328,Pune,Standard
CUST0755,Pooja Reddy,pooja.reddy755@example.com,9903888218,Kolkata,Premium
CUST0756,Vikram Das,vikram.das756@example.com,9271617640,Bengaluru,Standard
CUST0757,Varun Sharma,varun.sharma757@example.com,9451112084,Hyderabad,Regular
CUST0758,Rahul Joshi,rahul.joshi758@example.com,9594746010,Chennai,Standard
CUST0759,Ananya Nair,ananya.nair759@example.com,9134947253,Mumbai,Regular
CUST0760,Ananya Verma,ananya.verma760@example.com,9959126217,Vijayawada,Standard
CUST0761,Arjun Das,arjun.das761@example.com,9646430342,Bengaluru,Premium
CUST0762,Ishita Gupta,ishita.gupta762@example.com,9732112091,Mumbai,Standard
CUST0763,Priya Patel,priya.patel763@example.com,9295570390,Pune,Regular
CUST0764,Karthik Nair,karthik.nair764@example.com,9177970471,Hyderabad,Premium
CUST0765,Varun Menon,varun.menon765@example.com,9358214807,Mumbai,Standard
CUST0766,Rahul Menon,rahul.menon766@example.com,9795965741,Delhi,Regular
CUST0767,Aishwarya Das,aishwarya.das767@example.com,9907629695,Coimbatore,Premium
CUST0768,Aarav Reddy,aarav.reddy768@example.com,9738784412,Bengaluru,Regular
CUST0769,Varun Rao,varun.rao769@example.com,9307499749,Bengaluru,Standard
CUST0770,Pooja Kumar,pooja.kumar770@example.com,9324664563,Bengaluru,Standard
CUST0771,Divya Nair,divya.nair771@example.com,9489090765,Hyderabad,Premium
CUST0772,Meera Singh,meera.singh772@example.com,9130340469,Coimbatore,Premium
CUST0773,Arjun Reddy,arjun.reddy773@example.com,9799713394,Coimbatore,Premium
CUST0774,Rohan Iyer,rohan.iyer774@example.com,9014630639,Pune,Regular
CUST0775,Pooja Patel,pooja.patel775@example.com,9089626004,Delhi,Standard
CUST0776,Nikhil Das,nikhil.das776@example.com,9428108492,Mumbai,Regular
CUST0777,Divya Iyer,divya.iyer777@example.com,9461636307,Visakhapatnam,Premium
CUST0778,Arjun Joshi,arjun.joshi778@example.com,9663997731,Coimbatore,Premium
CUST0779,Pooja Das,pooja.das779@example.com,9376279986,Visakhapatnam,Premium
CUST0780,Priya Patel,priya.patel780@example.com,9716762216,Chennai,Regular
CUST0781,Ishita Kumar,ishita.kumar781@example.com,9338149438,Kolkata,Standard
CUST0782,Aditya Sharma,aditya.sharma782@example.com,9943514266,Delhi,Standard
CUST0783,Aishwarya Mishra,aishwarya.mishra783@example.com,9900800917,Visakhapatnam,Standard
CUST0784,Sneha Mehta,sneha.mehta784@example.com,9450242431,Coimbatore,Premium
CUST0785,Ishita Menon,ishita.menon785@example.com,9948770322,Delhi,Regular
CUST0786,Divya Mehta,divya.mehta786@example.com,9294013885,Pune,Premium
CUST0787,Varun Singh,varun.singh787@example.com,9291688516,Hyderabad,Regular
CUST0788,Aditya Nair,aditya.nair788@example.com,9127115379,Vijayawada,Premium
CUST0789,Aditya Patel,aditya.patel789@example.com,9000716595,Chennai,Standard
CUST0790,Rahul Iyer,rahul.iyer790@example.com,9671621878,Kolkata,Regular
CUST0791,Priya Verma,priya.verma791@example.com,9010981911,Delhi,Premium
CUST0792,Arjun Sharma,arjun.sharma792@example.com,9438340090,Kolkata,Regular
CUST0793,Aditya Mehta,aditya.mehta793@example.com,9981015609,Pune,Regular
CUST0794,Aishwarya Gupta,aishwarya.gupta794@example.com,9517910051,Pune,Premium
CUST0795,Vikram Kumar,vikram.kumar795@example.com,9327924935,Delhi,Regular
CUST0796,Pooja Singh,pooja.singh796@example.com,9531168235,Visakhapatnam,Regular
CUST0797,Ananya Menon,ananya.menon797@example.com,9274452313,Mumbai,Standard
CUST0798,Ishita Rao,ishita.rao798@example.com,9884892468,Vijayawada,Regular
CUST0799,Karthik Kumar,karthik.kumar799@example.com,9184122313,Chennai,Regular
CUST0800,Aarav Joshi,aarav.joshi800@example.com,9347853651,Delhi,Standard
CUST0801,Aishwarya Mishra,aishwarya.mishra801@example.com,9865664810,Coimbatore,Regular
CUST0802,Priya Verma,priya.verma802@example.com,9411335268,Chennai,Regular
CUST0803,Meera Reddy,meera.reddy803@example.com,9848906008,Delhi,Regular
CUST0804,Aditya Menon,aditya.menon804@example.com,9307402946,Bengaluru,Regular
CUST0805,Aishwarya Sharma,aishwarya.sharma805@example.com,9000136411,Pune,Standard
CUST0806,Aarav Mishra,aarav.mishra806@example.com,9608003267,Kolkata,Regular
CUST0807,Ananya Mishra,ananya.mishra807@example.com,9141878944,Bengaluru,Standard
CUST0808,Sanjay Patel,sanjay.patel808@example.com,9569372220,Vijayawada,Premium
CUST0809,Vikram Joshi,vikram.joshi809@example.com,9090028112,Visakhapatnam,Standard
CUST0810,Sanjay Das,sanjay.das810@example.com,9397681193,Coimbatore,Standard
CUST0811,Sanjay Patel,sanjay.patel811@example.com,9712138618,Bengaluru,Premium
CUST0812,Aarav Mishra,aarav.mishra812@example.com,9424531532,Kolkata,Standard
CUST0813,Divya Nair,divya.nair813@example.com,9343039111,Delhi,Standard
CUST0814,Aishwarya Iyer,aishwarya.iyer814@example.com,9510211852,Vijayawada,Premium
CUST0815,Rohan Patel,rohan.patel815@example.com,9864328641,Mumbai,Regular
CUST0816,Meera Joshi,meera.joshi816@example.com,9570574392,Pune,Standard
CUST0817,Arjun Reddy,arjun.reddy817@example.com,9181043120,Chennai,Standard
CUST0818,Ishita Iyer,ishita.iyer818@example.com,9542185985,Hyderabad,Premium
CUST0819,Sneha Sharma,sneha.sharma819@example.com,9374792430,Pune,Regular
CUST0820,Aditya Mishra,aditya.mishra820@example.com,9568842561,Kolkata,Premium
CUST0821,Rahul Rao,rahul.rao821@example.com,9427937196,Delhi,Standard
CUST0822,Neha Mishra,neha.mishra822@example.com,9998193359,Delhi,Regular
CUST0823,Vikram Kumar,vikram.kumar823@example.com,9578175731,Chennai,Regular
CUST0824,Rahul Iyer,rahul.iyer824@example.com,9652514024,Mumbai,Regular
CUST0825,Varun Sharma,varun.sharma825@example.com,9034602328,Vijayawada,Premium
CUST0826,Arjun Joshi,arjun.joshi826@example.com,9291502438,Kolkata,Regular
CUST0827,Karthik Mishra,karthik.mishra827@example.com,9023356356,Mumbai,Regular
CUST0828,Rahul Singh,rahul.singh828@example.com,9530565384,Hyderabad,Standard
CUST0829,Nikhil Joshi,nikhil.joshi829@example.com,9397444405,Kolkata,Premium
CUST0830,Rahul Gupta,rahul.gupta830@example.com,9975368808,Hyderabad,Regular
CUST0831,Aarav Iyer,aarav.iyer831@example.com,9884008630,Delhi,Standard
CUST0832,Pooja Joshi,pooja.joshi832@example.com,9307670217,Coimbatore,Premium
CUST0833,Kavya Mishra,kavya.mishra833@example.com,9683390461,Chennai,Premium
CUST0834,Aishwarya Mishra,aishwarya.mishra834@example.com,9102484014,Hyderabad,Premium
CUST0835,Neha Verma,neha.verma835@example.com,9868646186,Hyderabad,Standard
CUST0836,Neha Patel,neha.patel836@example.com,9426946361,Kolkata,Regular
CUST0837,Rahul Kumar,rahul.kumar837@example.com,9213506649,Pune,Premium
CUST0838,Nikhil Mishra,nikhil.mishra838@example.com,9729385373,Bengaluru,Premium
CUST0839,Rahul Rao,rahul.rao839@example.com,9654817690,Coimbatore,Regular
CUST0840,Pooja Gupta,pooja.gupta840@example.com,9659751393,Visakhapatnam,Regular
CUST0841,Arjun Kumar,arjun.kumar841@example.com,9072646327,Mumbai,Premium
CUST0842,Ananya Joshi,ananya.joshi842@example.com,9874061807,Visakhapatnam,Standard
CUST0843,Aarav Mishra,aarav.mishra843@example.com,9114165146,Mumbai,Premium
CUST0844,Ananya Singh,ananya.singh844@example.com,9881566288,Pune,Regular
CUST0845,Varun Nair,varun.nair845@example.com,9836975128,Vijayawada,Regular
CUST0846,Ishita Gupta,ishita.gupta846@example.com,9888468515,Bengaluru,Premium
CUST0847,Pooja Patel,pooja.patel847@example.com,9050828338,Hyderabad,Regular
CUST0848,Arjun Nair,arjun.nair848@example.com,9589530614,Delhi,Standard
CUST0849,Aarav Kumar,aarav.kumar849@example.com,9323715796,Chennai,Premium
CUST0850,Pooja Sharma,pooja.sharma850@example.com,9856883047,Bengaluru,Standard
CUST0851,Pooja Reddy,pooja.reddy851@example.com,9200564389,Chennai,Premium
CUST0852,Aarav Menon,aarav.menon852@example.com,9716360433,Hyderabad,Regular
CUST0853,Divya Nair,divya.nair853@example.com,9148931402,Visakhapatnam,Premium
CUST0854,Kavya Singh,kavya.singh854@example.com,9787590780,Hyderabad,Regular
CUST0855,Ananya Verma,ananya.verma855@example.com,9036226410,Delhi,Standard
CUST0856,Vikram Iyer,vikram.iyer856@example.com,9788843358,Mumbai,Standard
CUST0857,Rohan Rao,rohan.rao857@example.com,9650976221,Vijayawada,Premium
CUST0858,Meera Joshi,meera.joshi858@example.com,9517702479,Chennai,Regular
CUST0859,Priya Verma,priya.verma859@example.com,9238026483,Chennai,Premium
CUST0860,Vikram Singh,vikram.singh860@example.com,9140353068,Delhi,Standard
CUST0861,Vikram Menon,vikram.menon861@example.com,9076879785,Delhi,Standard
CUST0862,Nikhil Singh,nikhil.singh862@example.com,9555137910,Delhi,Premium
CUST0863,Kavya Menon,kavya.menon863@example.com,9533636786,Bengaluru,Regular
CUST0864,Varun Mehta,varun.mehta864@example.com,9321444948,Mumbai,Regular
CUST0865,Priya Gupta,priya.gupta865@example.com,9926301728,Hyderabad,Premium
CUST0866,Ananya Reddy,ananya.reddy866@example.com,9862615435,Mumbai,Premium
CUST0867,Rohan Verma,rohan.verma867@example.com,9088502151,Bengaluru,Premium
CUST0868,Vikram Rao,vikram.rao868@example.com,9586042063,Kolkata,Standard
CUST0869,Ishita Iyer,ishita.iyer869@example.com,9920321512,Pune,Standard
CUST0870,Sanjay Menon,sanjay.menon870@example.com,9532807390,Bengaluru,Premium
CUST0871,Varun Nair,varun.nair871@example.com,9967518766,Vijayawada,Regular
CUST0872,Aditya Verma,aditya.verma872@example.com,9159379239,Mumbai,Regular
CUST0873,Divya Rao,divya.rao873@example.com,9050342728,Hyderabad,Standard
CUST0874,Kavya Menon,kavya.menon874@example.com,9966673145,Hyderabad,Standard
CUST0875,Pooja Mehta,pooja.mehta875@example.com,9811414774,Bengaluru,Premium
CUST0876,Priya Das,priya.das876@example.com,9469189934,Vijayawada,Premium
CUST0877,Meera Sharma,meera.sharma877@example.com,9383617099,Kolkata,Standard
CUST0878,Nikhil Joshi,nikhil.joshi878@example.com,9824117990,Chennai,Standard
CUST0879,Varun Rao,varun.rao879@example.com,9643172724,Chennai,Standard
CUST0880,Sanjay Mishra,sanjay.mishra880@example.com,9559237909,Mumbai,Regular
CUST0881,Sanjay Verma,sanjay.verma881@example.com,9560212482,Delhi,Standard
CUST0882,Sneha Mishra,sneha.mishra882@example.com,9220551508,Vijayawada,Premium
CUST0883,Aarav Iyer,aarav.iyer883@example.com,9802957582,Bengaluru,Standard
CUST0884,Sneha Iyer,sneha.iyer884@example.com,9840126987,Mumbai,Standard
CUST0885,Arjun Rao,arjun.rao885@example.com,9134760680,Bengaluru,Standard
CUST0886,Sanjay Rao,sanjay.rao886@example.com,9158696258,Mumbai,Standard
CUST0887,Vikram Verma,vikram.verma887@example.com,9441416057,Mumbai,Premium
CUST0888,Divya Sharma,divya.sharma888@example.com,9467066623,Vijayawada,Standard
CUST0889,Ananya Mishra,ananya.mishra889@example.com,9322473340,Bengaluru,Regular
CUST0890,Divya Iyer,divya.iyer890@example.com,9361431677,Coimbatore,Regular
CUST0891,Aishwarya Singh,aishwarya.singh891@example.com,9602284536,Kolkata,Regular
CUST0892,Nikhil Singh,nikhil.singh892@example.com,9392738345,Hyderabad,Standard
CUST0893,Vikram Menon,vikram.menon893@example.com,9696360780,Pune,Regular
CUST0894,Neha Sharma,neha.sharma894@example.com,9653115828,Pune,Regular
CUST0895,Divya Patel,divya.patel895@example.com,9520875570,Delhi,Regular
CUST0896,Aarav Patel,aarav.patel896@example.com,9660783488,Bengaluru,Premium
CUST0897,Arjun Nair,arjun.nair897@example.com,9774086177,Mumbai,Standard
CUST0898,Meera Menon,meera.menon898@example.com,9350222642,Bengaluru,Premium
CUST0899,Divya Nair,divya.nair899@example.com,9227539797,Bengaluru,Regular
CUST0900,Kavya Gupta,kavya.gupta900@example.com,9932356389,Bengaluru,Standard
CUST0901,Ananya Patel,ananya.patel901@example.com,9842164752,Coimbatore,Regular
CUST0902,Divya Verma,divya.verma902@example.com,9780658225,Coimbatore,Standard
CUST0903,Pooja Rao,pooja.rao903@example.com,9924457794,Bengaluru,Regular
CUST0904,Rahul Menon,rahul.menon904@example.com,9051181846,Vijayawada,Regular
CUST0905,Rahul Joshi,rahul.joshi905@example.com,9840197823,Pune,Standard
CUST0906,Ananya Reddy,ananya.reddy906@example.com,9268936423,Hyderabad,Premium
CUST0907,Sanjay Joshi,sanjay.joshi907@example.com,9804109316,Vijayawada,Regular
CUST0908,Aditya Sharma,aditya.sharma908@example.com,9041352692,Kolkata,Standard
CUST0909,Meera Rao,meera.rao909@example.com,9642560172,Delhi,Standard
CUST0910,Sneha Reddy,sneha.reddy910@example.com,9757375288,Coimbatore,Premium
CUST0911,Ananya Kumar,ananya.kumar911@example.com,9790811838,Chennai,Premium
CUST0912,Sanjay Menon,sanjay.menon912@example.com,9463515334,Delhi,Standard
CUST0913,Aditya Nair,aditya.nair913@example.com,9062162144,Delhi,Standard
CUST0914,Sneha Nair,sneha.nair914@example.com,9861887346,Mumbai,Regular
CUST0915,Ishita Reddy,ishita.reddy915@example.com,9991315399,Vijayawada,Premium
CUST0916,Aishwarya Verma,aishwarya.verma916@example.com,9024062698,Coimbatore,Standard
CUST0917,Nikhil Iyer,nikhil.iyer917@example.com,9176513677,Hyderabad,Premium
CUST0918,Arjun Singh,arjun.singh918@example.com,9814738286,Chennai,Regular
CUST0919,Aditya Mishra,aditya.mishra919@example.com,9795959486,Bengaluru,Premium
CUST0920,Sanjay Reddy,sanjay.reddy920@example.com,9704215178,Chennai,Regular
CUST0921,Rohan Nair,rohan.nair921@example.com,9335654107,Hyderabad,Regular
CUST0922,Varun Mehta,varun.mehta922@example.com,9977230728,Mumbai,Standard
CUST0923,Rahul Verma,rahul.verma923@example.com,9071132181,Delhi,Regular
CUST0924,Nikhil Verma,nikhil.verma924@example.com,9033758619,Visakhapatnam,Regular
CUST0925,Rahul Nair,rahul.nair925@example.com,9594662395,Delhi,Premium
CUST0926,Sanjay Menon,sanjay.menon926@example.com,9222956443,Visakhapatnam,Regular
CUST0927,Varun Mishra,varun.mishra927@example.com,9076804361,Pune,Regular
CUST0928,Ananya Iyer,ananya.iyer928@example.com,9574656742,Pune,Standard
CUST0929,Aditya Iyer,aditya.iyer929@example.com,9639879547,Visakhapatnam,Regular
CUST0930,Varun Kumar,varun.kumar930@example.com,9113565951,Pune,Premium
CUST0931,Arjun Verma,arjun.verma931@example.com,9713346213,Hyderabad,Premium
CUST0932,Vikram Singh,vikram.singh932@example.com,9026834346,Mumbai,Regular
CUST0933,Karthik Das,karthik.das933@example.com,9429339332,Kolkata,Standard
CUST0934,Karthik Nair,karthik.nair934@example.com,9047526733,Chennai,Standard
CUST0935,Aishwarya Menon,aishwarya.menon935@example.com,9302403031,Hyderabad,Regular
CUST0936,Meera Singh,meera.singh936@example.com,9642913518,Pune,Standard
CUST0937,Sneha Mehta,sneha.mehta937@example.com,9880353449,Kolkata,Regular
CUST0938,Priya Verma,priya.verma938@example.com,9471895778,Pune,Premium
CUST0939,Ananya Singh,ananya.singh939@example.com,9536139518,Coimbatore,Regular
CUST0940,Priya Iyer,priya.iyer940@example.com,9214386232,Chennai,Standard
CUST0941,Rohan Reddy,rohan.reddy941@example.com,9244201753,Hyderabad,Premium
CUST0942,Neha Sharma,neha.sharma942@example.com,9114834699,Vijayawada,Standard
CUST0943,Nikhil Kumar,nikhil.kumar943@example.com,9031968390,Delhi,Regular
CUST0944,Karthik Kumar,karthik.kumar944@example.com,9177709975,Delhi,Standard
CUST0945,Sanjay Nair,sanjay.nair945@example.com,9827347477,Delhi,Standard
CUST0946,Priya Gupta,priya.gupta946@example.com,9312027624,Pune,Premium
CUST0947,Kavya Patel,kavya.patel947@example.com,9030278563,Kolkata,Regular
CUST0948,Neha Kumar,neha.kumar948@example.com,9338184513,Kolkata,Premium
CUST0949,Varun Sharma,varun.sharma949@example.com,9653293236,Chennai,Premium
CUST0950,Aishwarya Gupta,aishwarya.gupta950@example.com,9134909542,Vijayawada,Premium
CUST0951,Karthik Gupta,karthik.gupta951@example.com,9913212879,Kolkata,Standard
CUST0952,Divya Rao,divya.rao952@example.com,9745331897,Pune,Standard
CUST0953,Neha Nair,neha.nair953@example.com,9384484912,Vijayawada,Regular
CUST0954,Nikhil Mehta,nikhil.mehta954@example.com,9193694661,Visakhapatnam,Standard
CUST0955,Arjun Gupta,arjun.gupta955@example.com,9540616690,Visakhapatnam,Standard
CUST0956,Karthik Nair,karthik.nair956@example.com,9519472471,Hyderabad,Regular
CUST0957,Arjun Mishra,arjun.mishra957@example.com,9054642146,Visakhapatnam,Regular
CUST0958,Ananya Patel,ananya.patel958@example.com,9490068980,Kolkata,Regular
CUST0959,Neha Sharma,neha.sharma959@example.com,9769748088,Chennai,Regular
CUST0960,Karthik Joshi,karthik.joshi960@example.com,9964718757,Hyderabad,Regular
CUST0961,Divya Mehta,divya.mehta961@example.com,9397206084,Mumbai,Regular
CUST0962,Aditya Verma,aditya.verma962@example.com,9634220150,Pune,Standard
CUST0963,Ishita Joshi,ishita.joshi963@example.com,9291644276,Hyderabad,Standard
CUST0964,Meera Das,meera.das964@example.com,9360235277,Vijayawada,Regular
CUST0965,Pooja Gupta,pooja.gupta965@example.com,9996555396,Vijayawada,Regular
CUST0966,Ananya Iyer,ananya.iyer966@example.com,9809332277,Mumbai,Regular
CUST0967,Pooja Iyer,pooja.iyer967@example.com,9560787873,Chennai,Regular
CUST0968,Sneha Rao,sneha.rao968@example.com,9529850745,Mumbai,Regular
CUST0969,Ananya Joshi,ananya.joshi969@example.com,9982719227,Bengaluru,Premium
CUST0970,Sanjay Verma,sanjay.verma970@example.com,9025545736,Mumbai,Regular
CUST0971,Sneha Iyer,sneha.iyer971@example.com,9015245581,Coimbatore,Standard
CUST0972,Vikram Gupta,vikram.gupta972@example.com,9864076415,Vijayawada,Regular
CUST0973,Meera Verma,meera.verma973@example.com,9822534994,Pune,Standard
CUST0974,Pooja Iyer,pooja.iyer974@example.com,9104394651,Bengaluru,Premium
CUST0975,Vikram Verma,vikram.verma975@example.com,9535136511,Kolkata,Premium
CUST0976,Ananya Gupta,ananya.gupta976@example.com,9635454722,Delhi,Regular
CUST0977,Rahul Verma,rahul.verma977@example.com,9337443474,Kolkata,Regular
CUST0978,Rahul Iyer,rahul.iyer978@example.com,9707272337,Pune,Standard
CUST0979,Neha Joshi,neha.joshi979@example.com,9125812347,Coimbatore,Premium
CUST0980,Karthik Joshi,karthik.joshi980@example.com,9972950035,Coimbatore,Regular
CUST0981,Sneha Iyer,sneha.iyer981@example.com,9173741121,Bengaluru,Regular
CUST0982,Kavya Rao,kavya.rao982@example.com,9572520707,Pune,Regular
CUST0983,Nikhil Joshi,nikhil.joshi983@example.com,9814436727,Chennai,Premium
CUST0984,Sneha Mehta,sneha.mehta984@example.com,9434059504,Chennai,Standard
CUST0985,Aditya Menon,aditya.menon985@example.com,9523000511,Vijayawada,Premium
CUST0986,Varun Mishra,varun.mishra986@example.com,9461068489,Hyderabad,Standard
CUST0987,Aditya Sharma,aditya.sharma987@example.com,9154779842,Visakhapatnam,Regular
CUST0988,Aarav Kumar,aarav.kumar988@example.com,9242263467,Visakhapatnam,Regular
CUST0989,Varun Reddy,varun.reddy989@example.com,9113159013,Bengaluru,Regular
CUST0990,Aditya Mishra,aditya.mishra990@example.com,9223429231,Coimbatore,Premium
CUST0991,Karthik Kumar,karthik.kumar991@example.com,9477343238,Bengaluru,Premium
CUST0992,Sanjay Mishra,sanjay.mishra992@example.com,9551297394,Mumbai,Premium
CUST0993,Sanjay Rao,sanjay.rao993@example.com,9459034913,Delhi,Premium
CUST0994,Divya Das,divya.das994@example.com,9627688097,Pune,Premium
CUST0995,Rahul Das,rahul.das995@example.com,9251167088,Delhi,Regular
CUST0996,Aishwarya Singh,aishwarya.singh996@example.com,9841518639,Hyderabad,Premium
CUST0997,Pooja Patel,pooja.patel997@example.com,9369237380,Hyderabad,Regular
CUST0998,Priya Nair,priya.nair998@example.com,9355108091,Coimbatore,Regular
CUST0999,Divya Das,divya.das999@example.com,9848804823,Vijayawada,Regular
CUST1000,Aishwarya Mehta,aishwarya.mehta1000@example.com,9747812192,Bengaluru,Standard
CUST1001,Sneha Joshi,sneha.joshi1001@example.com,9481216396,Vijayawada,Standard
CUST1002,Varun Mishra,varun.mishra1002@example.com,9283317877,Chennai,Premium
CUST1003,Ananya Kumar,ananya.kumar1003@example.com,9107135436,Visakhapatnam,Regular
CUST1004,Nikhil Patel,nikhil.patel1004@example.com,9424765391,Pune,Regular
CUST1005,Neha Iyer,neha.iyer1005@example.com,9663503691,Mumbai,Regular
CUST1006,Sneha Sharma,sneha.sharma1006@example.com,9528349085,Kolkata,Standard
CUST1007,Vikram Reddy,vikram.reddy1007@example.com,9820736185,Vijayawada,Regular
CUST1008,Neha Patel,neha.patel1008@example.com,9691166829,Hyderabad,Standard
CUST1009,Aishwarya Singh,aishwarya.singh1009@example.com,9829929984,Hyderabad,Standard
CUST1010,Meera Kumar,meera.kumar1010@example.com,9076275071,Coimbatore,Premium
CUST1011,Kavya Singh,kavya.singh1011@example.com,9763180928,Bengaluru,Standard
CUST1012,Varun Mehta,varun.mehta1012@example.com,9146701316,Coimbatore,Premium
CUST1013,Nikhil Verma,nikhil.verma1013@example.com,9856187789,Chennai,Regular
CUST1014,Rohan Sharma,rohan.sharma1014@example.com,9641784250,Visakhapatnam,Standard
CUST1015,Ishita Patel,ishita.patel1015@example.com,9868946827,Delhi,Regular
CUST1016,Sanjay Rao,sanjay.rao1016@example.com,9489018245,Delhi,Premium
CUST1017,Pooja Nair,pooja.nair1017@example.com,9656860186,Bengaluru,Standard
CUST1018,Sneha Sharma,sneha.sharma1018@example.com,9925768706,Coimbatore,Regular
CUST1019,Varun Das,varun.das1019@example.com,9598676050,Pune,Premium
CUST1020,Meera Mishra,meera.mishra1020@example.com,9404836392,Chennai,Regular
CUST1021,Nikhil Joshi,nikhil.joshi1021@example.com,9927275343,Hyderabad,Regular
CUST1022,Arjun Rao,arjun.rao1022@example.com,9358933904,Visakhapatnam,Regular
CUST1023,Ananya Menon,ananya.menon1023@example.com,9327388793,Bengaluru,Premium
CUST1024,Varun Verma,varun.verma1024@example.com,9975753610,Visakhapatnam,Standard
CUST1025,Karthik Das,karthik.das1025@example.com,9275391988,Delhi,Standard
CUST1026,Varun Sharma,varun.sharma1026@example.com,9328219026,Mumbai,Premium
CUST1027,Kavya Iyer,kavya.iyer1027@example.com,9620206845,Visakhapatnam,Premium
CUST1028,Divya Reddy,divya.reddy1028@example.com,9856897798,Delhi,Regular
CUST1029,Ishita Rao,ishita.rao1029@example.com,9993391892,Vijayawada,Standard
CUST1030,Rahul Sharma,rahul.sharma1030@example.com,9975438677,Vijayawada,Premium
CUST1031,Nikhil Verma,nikhil.verma1031@example.com,9506449155,Chennai,Regular
CUST1032,Pooja Das,pooja.das1032@example.com,9703922805,Kolkata,Standard
CUST1033,Rahul Singh,rahul.singh1033@example.com,9245635891,Vijayawada,Standard
CUST1034,Varun Rao,varun.rao1034@example.com,9890757004,Hyderabad,Standard
CUST1035,Vikram Patel,vikram.patel1035@example.com,9979809730,Kolkata,Standard
CUST1036,Karthik Menon,karthik.menon1036@example.com,9461303784,Hyderabad,Regular
CUST1037,Karthik Patel,karthik.patel1037@example.com,9296375069,Chennai,Standard
CUST1038,Ishita Sharma,ishita.sharma1038@example.com,9195030958,Hyderabad,Premium
CUST1039,Aishwarya Iyer,aishwarya.iyer1039@example.com,9123895587,Hyderabad,Standard
CUST1040,Rahul Das,rahul.das1040@example.com,9800599832,Pune,Standard
CUST1041,Ananya Gupta,ananya.gupta1041@example.com,9594699995,Kolkata,Regular
CUST1042,Sneha Mehta,sneha.mehta1042@example.com,9533281439,Coimbatore,Standard
CUST1043,Varun Sharma,varun.sharma1043@example.com,9806957576,Delhi,Regular
CUST1044,Rahul Iyer,rahul.iyer1044@example.com,9726434434,Kolkata,Regular
CUST1045,Pooja Menon,pooja.menon1045@example.com,9776509359,Vijayawada,Premium
CUST1046,Aditya Joshi,aditya.joshi1046@example.com,9009335864,Vijayawada,Standard
CUST1047,Ananya Nair,ananya.nair1047@example.com,9369098702,Mumbai,Standard
CUST1048,Aishwarya Kumar,aishwarya.kumar1048@example.com,9039129693,Hyderabad,Regular
CUST1049,Kavya Rao,kavya.rao1049@example.com,9941562967,Delhi,Premium
CUST1050,Rohan Singh,rohan.singh1050@example.com,9644298466,Kolkata,Premium
CUST1051,Nikhil Reddy,nikhil.reddy1051@example.com,9626194139,Delhi,Standard
CUST1052,Karthik Verma,karthik.verma1052@example.com,9525118895,Coimbatore,Premium
CUST1053,Rahul Nair,rahul.nair1053@example.com,9941281782,Visakhapatnam,Regular
CUST1054,Nikhil Joshi,nikhil.joshi1054@example.com,9150971235,Hyderabad,Regular
CUST1055,Rohan Mishra,rohan.mishra1055@example.com,9149039526,Pune,Standard
CUST1056,Nikhil Kumar,nikhil.kumar1056@example.com,9802551906,Kolkata,Standard
CUST1057,Neha Kumar,neha.kumar1057@example.com,9619311235,Kolkata,Standard
CUST1058,Sneha Das,sneha.das1058@example.com,9265069962,Visakhapatnam,Regular
CUST1059,Nikhil Mishra,nikhil.mishra1059@example.com,9766394915,Pune,Premium
CUST1060,Rahul Verma,rahul.verma1060@example.com,9619983081,Coimbatore,Regular
CUST1061,Neha Das,neha.das1061@example.com,9248394474,Kolkata,Regular
CUST1062,Ishita Rao,ishita.rao1062@example.com,9337221186,Visakhapatnam,Regular
CUST1063,Nikhil Nair,nikhil.nair1063@example.com,9873334549,Visakhapatnam,Regular
CUST1064,Priya Patel,priya.patel1064@example.com,9251351463,Hyderabad,Regular
CUST1065,Varun Menon,varun.menon1065@example.com,9147144819,Pune,Standard
CUST1066,Aishwarya Nair,aishwarya.nair1066@example.com,9786700808,Pune,Regular
CUST1067,Vikram Joshi,vikram.joshi1067@example.com,9128395847,Delhi,Regular
CUST1068,Sneha Menon,sneha.menon1068@example.com,9591456154,Delhi,Standard
CUST1069,Kavya Sharma,kavya.sharma1069@example.com,9614713310,Pune,Regular
CUST1070,Varun Gupta,varun.gupta1070@example.com,9189958980,Hyderabad,Standard
CUST1071,Meera Mehta,meera.mehta1071@example.com,9319769379,Bengaluru,Regular
CUST1072,Aishwarya Menon,aishwarya.menon1072@example.com,9465932599,Chennai,Regular
CUST1073,Aditya Mishra,aditya.mishra1073@example.com,9167293296,Bengaluru,Regular
CUST1074,Neha Kumar,neha.kumar1074@example.com,9196703930,Delhi,Standard
CUST1075,Karthik Rao,karthik.rao1075@example.com,9359471321,Delhi,Regular
CUST1076,Arjun Mishra,arjun.mishra1076@example.com,9468988017,Mumbai,Premium
CUST1077,Ananya Rao,ananya.rao1077@example.com,9052007739,Bengaluru,Premium
CUST1078,Varun Mehta,varun.mehta1078@example.com,9996366019,Bengaluru,Premium
CUST1079,Arjun Joshi,arjun.joshi1079@example.com,9907200354,Mumbai,Standard
CUST1080,Pooja Gupta,pooja.gupta1080@example.com,9747584509,Delhi,Premium
CUST1081,Neha Gupta,neha.gupta1081@example.com,9967013916,Visakhapatnam,Regular
CUST1082,Aishwarya Singh,aishwarya.singh1082@example.com,9524875692,Hyderabad,Premium
CUST1083,Priya Sharma,priya.sharma1083@example.com,9490746849,Bengaluru,Regular
CUST1084,Varun Menon,varun.menon1084@example.com,9936602847,Coimbatore,Regular
CUST1085,Pooja Verma,pooja.verma1085@example.com,9739150344,Kolkata,Regular
CUST1086,Nikhil Iyer,nikhil.iyer1086@example.com,9173987381,Pune,Premium
CUST1087,Divya Menon,divya.menon1087@example.com,9891920421,Coimbatore,Regular
CUST1088,Ananya Verma,ananya.verma1088@example.com,9882164484,Chennai,Regular
CUST1089,Sneha Sharma,sneha.sharma1089@example.com,9976154249,Hyderabad,Regular
CUST1090,Meera Mehta,meera.mehta1090@example.com,9665533615,Coimbatore,Premium
CUST1091,Aarav Iyer,aarav.iyer1091@example.com,9329699694,Delhi,Standard
CUST1092,Aditya Gupta,aditya.gupta1092@example.com,9769975976,Mumbai,Regular
CUST1093,Varun Iyer,varun.iyer1093@example.com,9838313549,Delhi,Premium
CUST1094,Nikhil Singh,nikhil.singh1094@example.com,9772180263,Visakhapatnam,Regular
CUST1095,Neha Reddy,neha.reddy1095@example.com,9794382819,Visakhapatnam,Premium
CUST1096,Meera Joshi,meera.joshi1096@example.com,9085523782,Mumbai,Premium
CUST1097,Meera Kumar,meera.kumar1097@example.com,9064379431,Coimbatore,Regular
CUST1098,Sneha Mishra,sneha.mishra1098@example.com,9227411918,Vijayawada,Regular
CUST1099,Ishita Reddy,ishita.reddy1099@example.com,9375663380,Delhi,Regular
CUST1100,Varun Menon,varun.menon1100@example.com,9580710015,Mumbai,Premium
CUST1101,Ishita Rao,ishita.rao1101@example.com,9347455631,Bengaluru,Premium
CUST1102,Nikhil Reddy,nikhil.reddy1102@example.com,9192265082,Chennai,Premium
CUST1103,Kavya Menon,kavya.menon1103@example.com,9218537607,Coimbatore,Premium
CUST1104,Divya Nair,divya.nair1104@example.com,9020243085,Hyderabad,Regular
CUST1105,Vikram Reddy,vikram.reddy1105@example.com,9597255126,Pune,Premium
CUST1106,Aditya Mishra,aditya.mishra1106@example.com,9212066541,Chennai,Regular
CUST1107,Sneha Joshi,sneha.joshi1107@example.com,9927726253,Coimbatore,Premium
CUST1108,Kavya Gupta,kavya.gupta1108@example.com,9882008829,Kolkata,Standard
CUST1109,Aditya Iyer,aditya.iyer1109@example.com,9961452982,Visakhapatnam,Premium
CUST1110,Aarav Das,aarav.das1110@example.com,9000204790,Pune,Premium
CUST1111,Vikram Singh,vikram.singh1111@example.com,9732620114,Mumbai,Premium
CUST1112,Aarav Mishra,aarav.mishra1112@example.com,9940028552,Visakhapatnam,Regular
CUST1113,Arjun Joshi,arjun.joshi1113@example.com,9623304410,Chennai,Standard
CUST1114,Arjun Menon,arjun.menon1114@example.com,9877226916,Chennai,Standard
CUST1115,Priya Das,priya.das1115@example.com,9585777720,Pune,Regular
CUST1116,Pooja Nair,pooja.nair1116@example.com,9163517314,Coimbatore,Regular
CUST1117,Meera Reddy,meera.reddy1117@example.com,9874534683,Pune,Standard
CUST1118,Nikhil Iyer,nikhil.iyer1118@example.com,9781058655,Hyderabad,Standard
CUST1119,Rahul Das,rahul.das1119@example.com,9783889555,Delhi,Standard
CUST1120,Ananya Joshi,ananya.joshi1120@example.com,9273177536,Kolkata,Premium
CUST1121,Varun Rao,varun.rao1121@example.com,9769261677,Vijayawada,Premium
CUST1122,Pooja Reddy,pooja.reddy1122@example.com,9963732691,Chennai,Premium
CUST1123,Meera Sharma,meera.sharma1123@example.com,9286041960,Visakhapatnam,Regular
CUST1124,Aditya Singh,aditya.singh1124@example.com,9336965694,Pune,Premium
CUST1125,Rohan Joshi,rohan.joshi1125@example.com,9477745896,Chennai,Regular
CUST1126,Priya Iyer,priya.iyer1126@example.com,9702028603,Pune,Premium
CUST1127,Aishwarya Iyer,aishwarya.iyer1127@example.com,9037824018,Chennai,Standard
CUST1128,Nikhil Sharma,nikhil.sharma1128@example.com,9546396056,Coimbatore,Premium
CUST1129,Nikhil Verma,nikhil.verma1129@example.com,9806469042,Kolkata,Standard
CUST1130,Ananya Menon,ananya.menon1130@example.com,9332854789,Bengaluru,Premium
CUST1131,Ananya Reddy,ananya.reddy1131@example.com,9196047478,Pune,Standard
CUST1132,Neha Sharma,neha.sharma1132@example.com,9404700864,Vijayawada,Premium
CUST1133,Rahul Sharma,rahul.sharma1133@example.com,9001165549,Hyderabad,Standard
CUST1134,Divya Sharma,divya.sharma1134@example.com,9521170071,Delhi,Standard
CUST1135,Sanjay Kumar,sanjay.kumar1135@example.com,9383242642,Hyderabad,Regular
CUST1136,Neha Mehta,neha.mehta1136@example.com,9680681749,Bengaluru,Standard
CUST1137,Ananya Patel,ananya.patel1137@example.com,9646984703,Kolkata,Premium
CUST1138,Vikram Mehta,vikram.mehta1138@example.com,9734829495,Kolkata,Standard
CUST1139,Ananya Patel,ananya.patel1139@example.com,9527400081,Chennai,Regular
CUST1140,Rohan Singh,rohan.singh1140@example.com,9269386984,Coimbatore,Regular
CUST1141,Varun Joshi,varun.joshi1141@example.com,9565713695,Visakhapatnam,Standard
CUST1142,Arjun Verma,arjun.verma1142@example.com,9698529321,Delhi,Premium
CUST1143,Aditya Nair,aditya.nair1143@example.com,9625616786,Mumbai,Standard
CUST1144,Ishita Joshi,ishita.joshi1144@example.com,9537517862,Pune,Premium
CUST1145,Pooja Rao,pooja.rao1145@example.com,9242551629,Vijayawada,Regular
CUST1146,Aarav Sharma,aarav.sharma1146@example.com,9199495251,Chennai,Regular
CUST1147,Pooja Gupta,pooja.gupta1147@example.com,9143117900,Bengaluru,Standard
CUST1148,Neha Verma,neha.verma1148@example.com,9107406019,Delhi,Regular
CUST1149,Divya Patel,divya.patel1149@example.com,9265258153,Mumbai,Premium
CUST1150,Karthik Patel,karthik.patel1150@example.com,9501569812,Kolkata,Premium
CUST1151,Kavya Iyer,kavya.iyer1151@example.com,9689206488,Coimbatore,Premium
CUST1152,Kavya Sharma,kavya.sharma1152@example.com,9844188707,Mumbai,Standard
CUST1153,Pooja Singh,pooja.singh1153@example.com,9753468637,Visakhapatnam,Standard
CUST1154,Karthik Reddy,karthik.reddy1154@example.com,9723422264,Chennai,Standard
CUST1155,Varun Patel,varun.patel1155@example.com,9607053044,Kolkata,Premium
CUST1156,Divya Verma,divya.verma1156@example.com,9329212555,Mumbai,Premium
CUST1157,Karthik Rao,karthik.rao1157@example.com,9027165252,Hyderabad,Regular
CUST1158,Rahul Das,rahul.das1158@example.com,9481410865,Hyderabad,Regular
CUST1159,Neha Iyer,neha.iyer1159@example.com,9982817018,Hyderabad,Standard
CUST1160,Sneha Menon,sneha.menon1160@example.com,9477192087,Vijayawada,Premium
CUST1161,Sanjay Nair,sanjay.nair1161@example.com,9831482637,Coimbatore,Premium
CUST1162,Nikhil Reddy,nikhil.reddy1162@example.com,9771609125,Coimbatore,Standard
CUST1163,Karthik Nair,karthik.nair1163@example.com,9545993677,Delhi,Standard
CUST1164,Divya Reddy,divya.reddy1164@example.com,9548253264,Kolkata,Regular
CUST1165,Ishita Kumar,ishita.kumar1165@example.com,9310461877,Delhi,Regular
CUST1166,Kavya Reddy,kavya.reddy1166@example.com,9024444844,Chennai,Premium
CUST1167,Rahul Mishra,rahul.mishra1167@example.com,9613398802,Vijayawada,Standard
CUST1168,Pooja Kumar,pooja.kumar1168@example.com,9984319191,Vijayawada,Regular
CUST1169,Priya Kumar,priya.kumar1169@example.com,9563436333,Vijayawada,Standard
CUST1170,Sneha Mishra,sneha.mishra1170@example.com,9447077509,Kolkata,Regular
CUST1171,Nikhil Joshi,nikhil.joshi1171@example.com,9721903303,Hyderabad,Premium
CUST1172,Divya Gupta,divya.gupta1172@example.com,9178459291,Chennai,Regular
CUST1173,Pooja Menon,pooja.menon1173@example.com,9049940486,Pune,Regular
CUST1174,Rohan Gupta,rohan.gupta1174@example.com,9588365685,Delhi,Standard
CUST1175,Kavya Patel,kavya.patel1175@example.com,9842939905,Delhi,Premium
CUST1176,Rahul Nair,rahul.nair1176@example.com,9278299654,Kolkata,Regular
CUST1177,Varun Rao,varun.rao1177@example.com,9226967904,Kolkata,Premium
CUST1178,Divya Iyer,divya.iyer1178@example.com,9933349932,Kolkata,Premium
CUST1179,Meera Patel,meera.patel1179@example.com,9611330070,Vijayawada,Regular
CUST1180,Pooja Mishra,pooja.mishra1180@example.com,9098690119,Pune,Standard
CUST1181,Ishita Mehta,ishita.mehta1181@example.com,9508305968,Mumbai,Premium
CUST1182,Karthik Das,karthik.das1182@example.com,9915658206,Delhi,Premium
CUST1183,Sanjay Sharma,sanjay.sharma1183@example.com,9422331449,Delhi,Regular
CUST1184,Karthik Singh,karthik.singh1184@example.com,9829332110,Visakhapatnam,Premium
CUST1185,Rahul Sharma,rahul.sharma1185@example.com,9917233244,Vijayawada,Standard
CUST1186,Varun Verma,varun.verma1186@example.com,9924011008,Delhi,Regular
CUST1187,Ananya Das,ananya.das1187@example.com,9463731394,Pune,Standard
CUST1188,Ananya Kumar,ananya.kumar1188@example.com,9812083015,Coimbatore,Regular
CUST1189,Vikram Joshi,vikram.joshi1189@example.com,9100336317,Vijayawada,Premium
CUST1190,Vikram Reddy,vikram.reddy1190@example.com,9367558966,Kolkata,Standard
CUST1191,Priya Iyer,priya.iyer1191@example.com,9952942059,Bengaluru,Regular
CUST1192,Divya Mishra,divya.mishra1192@example.com,9485982288,Mumbai,Standard
CUST1193,Varun Verma,varun.verma1193@example.com,9302282000,Delhi,Standard
CUST1194,Neha Singh,neha.singh1194@example.com,9087777645,Vijayawada,Standard
CUST1195,Neha Verma,neha.verma1195@example.com,9789371604,Pune,Standard
CUST1196,Kavya Iyer,kavya.iyer1196@example.com,9017266492,Hyderabad,Regular
CUST1197,Sneha Menon,sneha.menon1197@example.com,9935509880,Mumbai,Premium
CUST1198,Rohan Reddy,rohan.reddy1198@example.com,9141774162,Bengaluru,Regular
CUST1199,Arjun Rao,arjun.rao1199@example.com,9185209870,Bengaluru,Premium
CUST1200,Rahul Rao,rahul.rao1200@example.com,9185496087,Kolkata,Premium
CUST1201,Sanjay Menon,sanjay.menon1201@example.com,9821677092,Coimbatore,Standard
CUST1202,Nikhil Singh,nikhil.singh1202@example.com,9338015063,Pune,Regular
CUST1203,Aarav Rao,aarav.rao1203@example.com,9808551149,Pune,Premium
CUST1204,Aishwarya Menon,aishwarya.menon1204@example.com,9083382803,Hyderabad,Standard
CUST1205,Rohan Das,rohan.das1205@example.com,9313405032,Chennai,Premium
CUST1206,Meera Rao,meera.rao1206@example.com,9101551197,Pune,Premium
CUST1207,Ananya Gupta,ananya.gupta1207@example.com,9282285588,Vijayawada,Standard
CUST1208,Neha Verma,neha.verma1208@example.com,9961493803,Chennai,Premium
CUST1209,Arjun Sharma,arjun.sharma1209@example.com,9951443525,Vijayawada,Premium
CUST1210,Arjun Rao,arjun.rao1210@example.com,9165860271,Vijayawada,Premium
CUST1211,Divya Kumar,divya.kumar1211@example.com,9685784246,Kolkata,Premium
CUST1212,Sanjay Verma,sanjay.verma1212@example.com,9345922814,Visakhapatnam,Regular
CUST1213,Aarav Sharma,aarav.sharma1213@example.com,9412116161,Chennai,Premium
CUST1214,Kavya Joshi,kavya.joshi1214@example.com,9003921021,Chennai,Regular
CUST1215,Sneha Rao,sneha.rao1215@example.com,9217783466,Coimbatore,Standard
CUST1216,Vikram Das,vikram.das1216@example.com,9623886494,Delhi,Premium
CUST1217,Divya Iyer,divya.iyer1217@example.com,9178752122,Hyderabad,Regular
CUST1218,Aarav Iyer,aarav.iyer1218@example.com,9755364624,Kolkata,Regular
CUST1219,Ananya Iyer,ananya.iyer1219@example.com,9290242959,Bengaluru,Regular
CUST1220,Ishita Nair,ishita.nair1220@example.com,9208534091,Delhi,Regular
CUST1221,Kavya Menon,kavya.menon1221@example.com,9998599690,Chennai,Regular
CUST1222,Neha Singh,neha.singh1222@example.com,9501137285,Kolkata,Standard
CUST1223,Aishwarya Gupta,aishwarya.gupta1223@example.com,9504120342,Pune,Regular
CUST1224,Kavya Singh,kavya.singh1224@example.com,9900514045,Bengaluru,Premium
CUST1225,Neha Iyer,neha.iyer1225@example.com,9722300512,Visakhapatnam,Regular
CUST1226,Vikram Sharma,vikram.sharma1226@example.com,9321875670,Delhi,Standard
CUST1227,Ananya Mehta,ananya.mehta1227@example.com,9779497815,Mumbai,Standard
CUST1228,Rohan Kumar,rohan.kumar1228@example.com,9433460060,Delhi,Premium
CUST1229,Ananya Das,ananya.das1229@example.com,9177121462,Hyderabad,Premium
CUST1230,Sneha Joshi,sneha.joshi1230@example.com,9926826109,Coimbatore,Regular
CUST1231,Aarav Reddy,aarav.reddy1231@example.com,9356817211,Mumbai,Standard
CUST1232,Ananya Verma,ananya.verma1232@example.com,9778595953,Coimbatore,Premium
CUST1233,Aishwarya Nair,aishwarya.nair1233@example.com,9624184369,Chennai,Premium
CUST1234,Karthik Verma,karthik.verma1234@example.com,9359816927,Bengaluru,Standard
CUST1235,Pooja Singh,pooja.singh1235@example.com,9957155219,Vijayawada,Standard
CUST1236,Neha Mishra,neha.mishra1236@example.com,9050502580,Coimbatore,Premium
CUST1237,Rahul Menon,rahul.menon1237@example.com,9760144607,Coimbatore,Premium
CUST1238,Rohan Das,rohan.das1238@example.com,9300060803,Visakhapatnam,Premium
CUST1239,Arjun Joshi,arjun.joshi1239@example.com,9190753776,Hyderabad,Regular
CUST1240,Aditya Singh,aditya.singh1240@example.com,9675221516,Vijayawada,Regular
CUST1241,Meera Iyer,meera.iyer1241@example.com,9571826030,Kolkata,Regular
CUST1242,Aarav Kumar,aarav.kumar1242@example.com,9502233355,Kolkata,Regular
CUST1243,Varun Sharma,varun.sharma1243@example.com,9212236387,Kolkata,Standard
CUST1244,Priya Nair,priya.nair1244@example.com,9760248567,Chennai,Standard
CUST1245,Sanjay Reddy,sanjay.reddy1245@example.com,9108982589,Chennai,Regular
CUST1246,Rohan Das,rohan.das1246@example.com,9654821716,Kolkata,Regular
CUST1247,Kavya Reddy,kavya.reddy1247@example.com,9614675663,Delhi,Premium
CUST1248,Aarav Patel,aarav.patel1248@example.com,9871784192,Coimbatore,Premium
CUST1249,Karthik Verma,karthik.verma1249@example.com,9961932817,Pune,Regular
CUST1250,Neha Mehta,neha.mehta1250@example.com,9118764378,Vijayawada,Standard
CUST1251,Sanjay Nair,sanjay.nair1251@example.com,9902126582,Hyderabad,Regular
CUST1252,Aishwarya Das,aishwarya.das1252@example.com,9663269222,Pune,Premium
CUST1253,Sanjay Verma,sanjay.verma1253@example.com,9581788074,Coimbatore,Standard
CUST1254,Sneha Nair,sneha.nair1254@example.com,9092064169,Chennai,Regular
CUST1255,Priya Joshi,priya.joshi1255@example.com,9007749909,Kolkata,Standard
CUST1256,Sanjay Mishra,sanjay.mishra1256@example.com,9092085345,Visakhapatnam,Standard
CUST1257,Aarav Patel,aarav.patel1257@example.com,9636478599,Chennai,Standard
CUST1258,Vikram Singh,vikram.singh1258@example.com,9371030157,Delhi,Premium
CUST1259,Neha Verma,neha.verma1259@example.com,9234857417,Mumbai,Standard
CUST1260,Aishwarya Nair,aishwarya.nair1260@example.com,9122302077,Hyderabad,Standard
CUST1261,Neha Singh,neha.singh1261@example.com,9903072949,Chennai,Standard
CUST1262,Sneha Sharma,sneha.sharma1262@example.com,9748998083,Kolkata,Standard
CUST1263,Arjun Das,arjun.das1263@example.com,9801437012,Pune,Regular
CUST1264,Priya Das,priya.das1264@example.com,9454164761,Mumbai,Standard
CUST1265,Rohan Verma,rohan.verma1265@example.com,9702805412,Coimbatore,Standard
CUST1266,Neha Joshi,neha.joshi1266@example.com,9810237064,Chennai,Standard
CUST1267,Priya Nair,priya.nair1267@example.com,9357821099,Visakhapatnam,Premium
CUST1268,Karthik Menon,karthik.menon1268@example.com,9559468868,Visakhapatnam,Standard
CUST1269,Nikhil Sharma,nikhil.sharma1269@example.com,9825339231,Chennai,Standard
CUST1270,Meera Gupta,meera.gupta1270@example.com,9691111782,Hyderabad,Regular
CUST1271,Karthik Gupta,karthik.gupta1271@example.com,9594694317,Chennai,Standard
CUST1272,Nikhil Reddy,nikhil.reddy1272@example.com,9739752663,Mumbai,Standard
CUST1273,Rahul Mehta,rahul.mehta1273@example.com,9878988981,Hyderabad,Standard
CUST1274,Varun Gupta,varun.gupta1274@example.com,9408747516,Bengaluru,Standard
CUST1275,Karthik Gupta,karthik.gupta1275@example.com,9340804466,Hyderabad,Premium
CUST1276,Sanjay Rao,sanjay.rao1276@example.com,9597212527,Delhi,Standard
CUST1277,Rohan Mehta,rohan.mehta1277@example.com,9888170656,Kolkata,Premium
CUST1278,Priya Sharma,priya.sharma1278@example.com,9875068398,Chennai,Premium
CUST1279,Karthik Nair,karthik.nair1279@example.com,9060607041,Vijayawada,Premium
CUST1280,Varun Iyer,varun.iyer1280@example.com,9660362845,Kolkata,Premium
CUST1281,Priya Joshi,priya.joshi1281@example.com,9987741107,Coimbatore,Standard
CUST1282,Pooja Mishra,pooja.mishra1282@example.com,9301667235,Vijayawada,Regular
CUST1283,Arjun Patel,arjun.patel1283@example.com,9140193929,Kolkata,Premium
CUST1284,Nikhil Nair,nikhil.nair1284@example.com,9942996013,Mumbai,Regular
CUST1285,Kavya Das,kavya.das1285@example.com,9561453120,Vijayawada,Regular
CUST1286,Meera Verma,meera.verma1286@example.com,9571508208,Kolkata,Regular
CUST1287,Meera Kumar,meera.kumar1287@example.com,9222141147,Vijayawada,Premium
CUST1288,Ananya Sharma,ananya.sharma1288@example.com,9010485162,Kolkata,Premium
CUST1289,Varun Nair,varun.nair1289@example.com,9387647828,Mumbai,Premium
CUST1290,Sanjay Reddy,sanjay.reddy1290@example.com,9594354747,Vijayawada,Standard
CUST1291,Divya Singh,divya.singh1291@example.com,9694749247,Hyderabad,Premium
CUST1292,Ishita Menon,ishita.menon1292@example.com,9050816319,Pune,Premium
CUST1293,Aditya Nair,aditya.nair1293@example.com,9996410690,Visakhapatnam,Premium
CUST1294,Aditya Gupta,aditya.gupta1294@example.com,9345057246,Delhi,Standard
CUST1295,Aarav Reddy,aarav.reddy1295@example.com,9198796284,Visakhapatnam,Standard
CUST1296,Rohan Nair,rohan.nair1296@example.com,9962686500,Pune,Regular
CUST1297,Neha Nair,neha.nair1297@example.com,9489643184,Kolkata,Regular
CUST1298,Vikram Nair,vikram.nair1298@example.com,9760627906,Coimbatore,Regular
CUST1299,Aishwarya Nair,aishwarya.nair1299@example.com,9458544881,Vijayawada,Standard
CUST1300,Vikram Iyer,vikram.iyer1300@example.com,9906353162,Chennai,Standard
CUST1301,Rohan Mishra,rohan.mishra1301@example.com,9083936650,Bengaluru,Premium
CUST1302,Rohan Mishra,rohan.mishra1302@example.com,9573329351,Pune,Standard
CUST1303,Meera Reddy,meera.reddy1303@example.com,9661552388,Mumbai,Standard
CUST1304,Varun Mishra,varun.mishra1304@example.com,9142691779,Hyderabad,Regular
CUST1305,Karthik Reddy,karthik.reddy1305@example.com,9919263661,Vijayawada,Premium
CUST1306,Neha Joshi,neha.joshi1306@example.com,9339423836,Coimbatore,Standard
CUST1307,Meera Das,meera.das1307@example.com,9203688808,Coimbatore,Standard
CUST1308,Pooja Reddy,pooja.reddy1308@example.com,9057520823,Pune,Regular
CUST1309,Nikhil Sharma,nikhil.sharma1309@example.com,9331738848,Vijayawada,Premium
CUST1310,Kavya Menon,kavya.menon1310@example.com,9480928661,Bengaluru,Premium
CUST1311,Ishita Reddy,ishita.reddy1311@example.com,9469154071,Coimbatore,Premium
CUST1312,Rohan Rao,rohan.rao1312@example.com,9185831138,Kolkata,Regular
CUST1313,Priya Rao,priya.rao1313@example.com,9854752817,Vijayawada,Regular
CUST1314,Rohan Nair,rohan.nair1314@example.com,9674387825,Delhi,Standard
CUST1315,Sneha Sharma,sneha.sharma1315@example.com,9843188083,Mumbai,Standard
CUST1316,Kavya Sharma,kavya.sharma1316@example.com,9918887800,Pune,Regular
CUST1317,Priya Nair,priya.nair1317@example.com,9265113853,Visakhapatnam,Standard
CUST1318,Pooja Reddy,pooja.reddy1318@example.com,9489246496,Hyderabad,Standard
CUST1319,Aarav Reddy,aarav.reddy1319@example.com,9357132958,Hyderabad,Standard
CUST1320,Neha Menon,neha.menon1320@example.com,9871021803,Bengaluru,Premium
CUST1321,Karthik Joshi,karthik.joshi1321@example.com,9002217401,Coimbatore,Regular
CUST1322,Sanjay Joshi,sanjay.joshi1322@example.com,9047843736,Coimbatore,Premium
CUST1323,Karthik Reddy,karthik.reddy1323@example.com,9893657648,Vijayawada,Premium
CUST1324,Sneha Singh,sneha.singh1324@example.com,9087961424,Mumbai,Standard
CUST1325,Varun Reddy,varun.reddy1325@example.com,9993155678,Bengaluru,Standard
CUST1326,Divya Menon,divya.menon1326@example.com,9380351833,Mumbai,Standard
CUST1327,Neha Patel,neha.patel1327@example.com,9392174741,Kolkata,Regular
CUST1328,Kavya Kumar,kavya.kumar1328@example.com,9522876714,Visakhapatnam,Regular
CUST1329,Aarav Reddy,aarav.reddy1329@example.com,9541365797,Mumbai,Regular
CUST1330,Aditya Reddy,aditya.reddy1330@example.com,9559218707,Kolkata,Standard
CUST1331,Priya Nair,priya.nair1331@example.com,9100748645,Visakhapatnam,Regular
CUST1332,Ishita Mehta,ishita.mehta1332@example.com,9277351630,Chennai,Premium
CUST1333,Aarav Verma,aarav.verma1333@example.com,9923057343,Hyderabad,Premium
CUST1334,Varun Mishra,varun.mishra1334@example.com,9907619976,Bengaluru,Regular
CUST1335,Vikram Iyer,vikram.iyer1335@example.com,9285089590,Visakhapatnam,Regular
CUST1336,Arjun Gupta,arjun.gupta1336@example.com,9910112167,Coimbatore,Regular
CUST1337,Nikhil Menon,nikhil.menon1337@example.com,9606701411,Bengaluru,Standard
CUST1338,Priya Iyer,priya.iyer1338@example.com,9137542972,Delhi,Standard
CUST1339,Vikram Singh,vikram.singh1339@example.com,9320166351,Delhi,Premium
CUST1340,Sneha Sharma,sneha.sharma1340@example.com,9276613069,Hyderabad,Standard
CUST1341,Meera Singh,meera.singh1341@example.com,9185739780,Chennai,Premium
CUST1342,Varun Gupta,varun.gupta1342@example.com,9375872411,Pune,Standard
CUST1343,Aditya Nair,aditya.nair1343@example.com,9339209870,Coimbatore,Premium
CUST1344,Divya Sharma,divya.sharma1344@example.com,9312405079,Kolkata,Regular
CUST1345,Varun Kumar,varun.kumar1345@example.com,9418591391,Chennai,Premium
CUST1346,Meera Kumar,meera.kumar1346@example.com,9216944963,Delhi,Standard
CUST1347,Arjun Rao,arjun.rao1347@example.com,9469341241,Delhi,Regular
CUST1348,Divya Kumar,divya.kumar1348@example.com,9157750097,Vijayawada,Premium
CUST1349,Sneha Iyer,sneha.iyer1349@example.com,9370155586,Coimbatore,Premium
CUST1350,Rahul Gupta,rahul.gupta1350@example.com,9079741042,Coimbatore,Standard
CUST1351,Kavya Rao,kavya.rao1351@example.com,9008352381,Mumbai,Premium
CUST1352,Aarav Gupta,aarav.gupta1352@example.com,9438647542,Vijayawada,Premium
CUST1353,Aditya Patel,aditya.patel1353@example.com,9987618998,Kolkata,Regular
CUST1354,Rahul Sharma,rahul.sharma1354@example.com,9302180024,Bengaluru,Regular
CUST1355,Aditya Mehta,aditya.mehta1355@example.com,9577056120,Delhi,Standard
CUST1356,Kavya Nair,kavya.nair1356@example.com,9758567653,Bengaluru,Regular
CUST1357,Ananya Kumar,ananya.kumar1357@example.com,9260565497,Vijayawada,Regular
CUST1358,Kavya Mehta,kavya.mehta1358@example.com,9044146719,Bengaluru,Premium
CUST1359,Vikram Iyer,vikram.iyer1359@example.com,9204221317,Vijayawada,Standard
CUST1360,Varun Gupta,varun.gupta1360@example.com,9251680828,Hyderabad,Premium
CUST1361,Vikram Iyer,vikram.iyer1361@example.com,9049814866,Delhi,Premium
CUST1362,Neha Menon,neha.menon1362@example.com,9037655959,Bengaluru,Premium
CUST1363,Nikhil Kumar,nikhil.kumar1363@example.com,9756995889,Kolkata,Regular
CUST1364,Meera Nair,meera.nair1364@example.com,9174835954,Vijayawada,Regular
CUST1365,Nikhil Mishra,nikhil.mishra1365@example.com,9018204408,Mumbai,Regular
CUST1366,Varun Sharma,varun.sharma1366@example.com,9247695482,Hyderabad,Standard
CUST1367,Divya Nair,divya.nair1367@example.com,9917396860,Chennai,Standard
CUST1368,Ishita Patel,ishita.patel1368@example.com,9727743086,Hyderabad,Regular
CUST1369,Meera Mehta,meera.mehta1369@example.com,9865331958,Kolkata,Premium
CUST1370,Meera Mehta,meera.mehta1370@example.com,9064683579,Kolkata,Premium
CUST1371,Rohan Iyer,rohan.iyer1371@example.com,9514133195,Mumbai,Standard
CUST1372,Divya Verma,divya.verma1372@example.com,9515572555,Visakhapatnam,Premium
CUST1373,Divya Reddy,divya.reddy1373@example.com,9931956008,Bengaluru,Regular
CUST1374,Arjun Patel,arjun.patel1374@example.com,9918926961,Mumbai,Standard
CUST1375,Divya Sharma,divya.sharma1375@example.com,9244012935,Kolkata,Regular
CUST1376,Aarav Mishra,aarav.mishra1376@example.com,9192311030,Mumbai,Standard
CUST1377,Meera Verma,meera.verma1377@example.com,9054074977,Hyderabad,Standard
CUST1378,Rohan Gupta,rohan.gupta1378@example.com,9576597845,Bengaluru,Regular
CUST1379,Arjun Iyer,arjun.iyer1379@example.com,9259786969,Vijayawada,Regular
CUST1380,Aishwarya Mehta,aishwarya.mehta1380@example.com,9582936493,Delhi,Standard
CUST1381,Arjun Rao,arjun.rao1381@example.com,9323616760,Coimbatore,Regular
CUST1382,Kavya Joshi,kavya.joshi1382@example.com,9980144725,Vijayawada,Regular
CUST1383,Vikram Singh,vikram.singh1383@example.com,9347152304,Chennai,Premium
CUST1384,Aishwarya Mehta,aishwarya.mehta1384@example.com,9631551233,Delhi,Standard
CUST1385,Neha Gupta,neha.gupta1385@example.com,9440720734,Pune,Regular
CUST1386,Nikhil Rao,nikhil.rao1386@example.com,9504979156,Kolkata,Premium
CUST1387,Kavya Das,kavya.das1387@example.com,9724316732,Bengaluru,Regular
CUST1388,Aditya Gupta,aditya.gupta1388@example.com,9620661112,Coimbatore,Regular
CUST1389,Pooja Joshi,pooja.joshi1389@example.com,9631300029,Bengaluru,Regular
CUST1390,Sanjay Das,sanjay.das1390@example.com,9955307904,Vijayawada,Regular
CUST1391,Pooja Joshi,pooja.joshi1391@example.com,9451058398,Delhi,Regular
CUST1392,Rahul Joshi,rahul.joshi1392@example.com,9421807905,Mumbai,Standard
CUST1393,Pooja Rao,pooja.rao1393@example.com,9235370596,Pune,Regular
CUST1394,Sanjay Reddy,sanjay.reddy1394@example.com,9315758379,Chennai,Premium
CUST1395,Divya Verma,divya.verma1395@example.com,9336311819,Hyderabad,Standard
CUST1396,Nikhil Verma,nikhil.verma1396@example.com,9767966804,Kolkata,Premium
CUST1397,Kavya Mehta,kavya.mehta1397@example.com,9267408531,Bengaluru,Regular
CUST1398,Ishita Joshi,ishita.joshi1398@example.com,9058079827,Mumbai,Premium
CUST1399,Karthik Gupta,karthik.gupta1399@example.com,9993582832,Delhi,Premium
CUST1400,Priya Das,priya.das1400@example.com,9976108455,Bengaluru,Regular
CUST1401,Ishita Reddy,ishita.reddy1401@example.com,9226320588,Bengaluru,Regular
CUST1402,Aishwarya Gupta,aishwarya.gupta1402@example.com,9275067862,Visakhapatnam,Premium
CUST1403,Rahul Nair,rahul.nair1403@example.com,9456878545,Vijayawada,Premium
CUST1404,Aishwarya Kumar,aishwarya.kumar1404@example.com,9394781862,Mumbai,Premium
CUST1405,Arjun Das,arjun.das1405@example.com,9757322986,Visakhapatnam,Regular
CUST1406,Ananya Nair,ananya.nair1406@example.com,9251996438,Visakhapatnam,Premium
CUST1407,Ananya Nair,ananya.nair1407@example.com,9897521011,Hyderabad,Premium
CUST1408,Aarav Sharma,aarav.sharma1408@example.com,9634195665,Coimbatore,Standard
CUST1409,Karthik Sharma,karthik.sharma1409@example.com,9002372925,Pune,Standard
CUST1410,Kavya Mehta,kavya.mehta1410@example.com,9957727751,Pune,Regular
CUST1411,Divya Das,divya.das1411@example.com,9936007947,Hyderabad,Premium
CUST1412,Ishita Das,ishita.das1412@example.com,9899540064,Kolkata,Regular
CUST1413,Rohan Sharma,rohan.sharma1413@example.com,9093387789,Delhi,Premium
CUST1414,Nikhil Nair,nikhil.nair1414@example.com,9338926063,Vijayawada,Premium
CUST1415,Divya Singh,divya.singh1415@example.com,9521556167,Vijayawada,Premium
CUST1416,Neha Singh,neha.singh1416@example.com,9556156670,Chennai,Regular
CUST1417,Varun Singh,varun.singh1417@example.com,9140436200,Kolkata,Standard
CUST1418,Ishita Iyer,ishita.iyer1418@example.com,9865810950,Visakhapatnam,Regular
CUST1419,Rahul Sharma,rahul.sharma1419@example.com,9735914207,Coimbatore,Regular
CUST1420,Karthik Gupta,karthik.gupta1420@example.com,9105761074,Hyderabad,Regular
CUST1421,Rohan Reddy,rohan.reddy1421@example.com,9164500798,Pune,Regular
CUST1422,Rahul Sharma,rahul.sharma1422@example.com,9832483718,Hyderabad,Premium
CUST1423,Ishita Iyer,ishita.iyer1423@example.com,9870703984,Chennai,Regular
CUST1424,Ananya Patel,ananya.patel1424@example.com,9828959688,Delhi,Premium
CUST1425,Priya Sharma,priya.sharma1425@example.com,9469512409,Bengaluru,Regular
CUST1426,Neha Mishra,neha.mishra1426@example.com,9970079670,Bengaluru,Standard
CUST1427,Ishita Kumar,ishita.kumar1427@example.com,9688180108,Pune,Premium
CUST1428,Nikhil Kumar,nikhil.kumar1428@example.com,9810485604,Bengaluru,Standard
CUST1429,Varun Menon,varun.menon1429@example.com,9376267545,Mumbai,Regular
CUST1430,Ishita Reddy,ishita.reddy1430@example.com,9524180679,Coimbatore,Premium
CUST1431,Meera Menon,meera.menon1431@example.com,9527703176,Kolkata,Premium
CUST1432,Ananya Sharma,ananya.sharma1432@example.com,9429774582,Hyderabad,Regular
CUST1433,Sanjay Kumar,sanjay.kumar1433@example.com,9425041599,Delhi,Standard
CUST1434,Sanjay Patel,sanjay.patel1434@example.com,9593297684,Hyderabad,Standard
CUST1435,Priya Rao,priya.rao1435@example.com,9344203633,Kolkata,Premium
CUST1436,Vikram Gupta,vikram.gupta1436@example.com,9185537146,Chennai,Standard
CUST1437,Aishwarya Sharma,aishwarya.sharma1437@example.com,9800179090,Pune,Regular
CUST1438,Nikhil Mehta,nikhil.mehta1438@example.com,9361646939,Delhi,Standard
CUST1439,Arjun Mehta,arjun.mehta1439@example.com,9100143758,Chennai,Premium
CUST1440,Ananya Das,ananya.das1440@example.com,9489012718,Visakhapatnam,Regular
CUST1441,Nikhil Mehta,nikhil.mehta1441@example.com,9834080411,Visakhapatnam,Standard
CUST1442,Priya Mishra,priya.mishra1442@example.com,9376696809,Delhi,Standard
CUST1443,Aishwarya Patel,aishwarya.patel1443@example.com,9970650398,Kolkata,Premium
CUST1444,Sanjay Gupta,sanjay.gupta1444@example.com,9670569993,Visakhapatnam,Standard
CUST1445,Ananya Nair,ananya.nair1445@example.com,9372351300,Coimbatore,Standard
CUST1446,Varun Kumar,varun.kumar1446@example.com,9634980574,Chennai,Standard
CUST1447,Kavya Iyer,kavya.iyer1447@example.com,9561821836,Pune,Premium
CUST1448,Aarav Kumar,aarav.kumar1448@example.com,9347830130,Coimbatore,Premium
CUST1449,Karthik Rao,karthik.rao1449@example.com,9281151019,Hyderabad,Premium
CUST1450,Kavya Verma,kavya.verma1450@example.com,9300756880,Mumbai,Premium
CUST1451,Neha Nair,neha.nair1451@example.com,9952190321,Chennai,Regular
CUST1452,Aditya Mishra,aditya.mishra1452@example.com,9938575351,Hyderabad,Standard
CUST1453,Varun Menon,varun.menon1453@example.com,9410926878,Hyderabad,Regular
CUST1454,Ishita Rao,ishita.rao1454@example.com,9504405040,Pune,Premium
CUST1455,Kavya Joshi,kavya.joshi1455@example.com,9701716660,Vijayawada,Premium
CUST1456,Sanjay Gupta,sanjay.gupta1456@example.com,9976547523,Vijayawada,Standard
CUST1457,Arjun Joshi,arjun.joshi1457@example.com,9537647050,Chennai,Regular
CUST1458,Kavya Iyer,kavya.iyer1458@example.com,9586253955,Hyderabad,Standard
CUST1459,Rohan Rao,rohan.rao1459@example.com,9930051710,Vijayawada,Premium
CUST1460,Aishwarya Verma,aishwarya.verma1460@example.com,9568261224,Delhi,Standard
CUST1461,Vikram Joshi,vikram.joshi1461@example.com,9175149361,Chennai,Standard
CUST1462,Rahul Joshi,rahul.joshi1462@example.com,9600209621,Coimbatore,Regular
CUST1463,Ishita Das,ishita.das1463@example.com,9961318754,Chennai,Regular
CUST1464,Rohan Singh,rohan.singh1464@example.com,9168372843,Visakhapatnam,Premium
CUST1465,Aishwarya Nair,aishwarya.nair1465@example.com,9276690689,Bengaluru,Regular
CUST1466,Meera Singh,meera.singh1466@example.com,9809592902,Vijayawada,Regular
CUST1467,Arjun Gupta,arjun.gupta1467@example.com,9315821453,Vijayawada,Regular
CUST1468,Divya Das,divya.das1468@example.com,9939802315,Kolkata,Regular
CUST1469,Ishita Kumar,ishita.kumar1469@example.com,9327264496,Visakhapatnam,Premium
CUST1470,Kavya Gupta,kavya.gupta1470@example.com,9406341118,Bengaluru,Premium
CUST1471,Meera Reddy,meera.reddy1471@example.com,9276979536,Bengaluru,Standard
CUST1472,Sanjay Das,sanjay.das1472@example.com,9580795606,Kolkata,Premium
CUST1473,Kavya Joshi,kavya.joshi1473@example.com,9380662232,Hyderabad,Standard
CUST1474,Meera Iyer,meera.iyer1474@example.com,9913052228,Mumbai,Premium
CUST1475,Arjun Joshi,arjun.joshi1475@example.com,9885437347,Visakhapatnam,Standard
CUST1476,Rohan Iyer,rohan.iyer1476@example.com,9345872796,Mumbai,Regular
CUST1477,Kavya Singh,kavya.singh1477@example.com,9348395590,Mumbai,Regular
CUST1478,Rahul Sharma,rahul.sharma1478@example.com,9120603869,Vijayawada,Premium
CUST1479,Aditya Reddy,aditya.reddy1479@example.com,9753953818,Mumbai,Premium
CUST1480,Nikhil Das,nikhil.das1480@example.com,9913792392,Delhi,Standard
CUST1481,Neha Gupta,neha.gupta1481@example.com,9171417828,Coimbatore,Standard
CUST1482,Divya Patel,divya.patel1482@example.com,9641990674,Vijayawada,Regular
CUST1483,Ananya Reddy,ananya.reddy1483@example.com,9907495328,Delhi,Standard
CUST1484,Ananya Singh,ananya.singh1484@example.com,9854268411,Hyderabad,Standard
CUST1485,Aarav Joshi,aarav.joshi1485@example.com,9578824454,Pune,Regular
CUST1486,Vikram Patel,vikram.patel1486@example.com,9419607788,Vijayawada,Premium
CUST1487,Aarav Mishra,aarav.mishra1487@example.com,9935909467,Bengaluru,Regular
CUST1488,Ananya Rao,ananya.rao1488@example.com,9481462577,Mumbai,Regular
CUST1489,Sanjay Menon,sanjay.menon1489@example.com,9609911631,Kolkata,Premium
CUST1490,Aarav Gupta,aarav.gupta1490@example.com,9656421368,Mumbai,Premium
CUST1491,Rahul Reddy,rahul.reddy1491@example.com,9168268612,Coimbatore,Standard
CUST1492,Kavya Menon,kavya.menon1492@example.com,9314030395,Coimbatore,Premium
CUST1493,Sanjay Reddy,sanjay.reddy1493@example.com,9349788100,Bengaluru,Premium
CUST1494,Karthik Sharma,karthik.sharma1494@example.com,9388585597,Coimbatore,Standard
CUST1495,Divya Mishra,divya.mishra1495@example.com,9728743712,Mumbai,Standard
CUST1496,Rahul Reddy,rahul.reddy1496@example.com,9995672939,Visakhapatnam,Premium
CUST1497,Ananya Reddy,ananya.reddy1497@example.com,9730189330,Kolkata,Premium
CUST1498,Pooja Das,pooja.das1498@example.com,9706526412,Coimbatore,Standard
CUST1499,Aditya Patel,aditya.patel1499@example.com,9897630623,Kolkata,Standard
CUST1500,Priya Nair,priya.nair1500@example.com,9762843077,Chennai,Regular
CUST1501,Aditya Verma,aditya.verma1501@example.com,9579634705,Pune,Regular
CUST1502,Divya Verma,divya.verma1502@example.com,9090752353,Hyderabad,Premium
CUST1503,Pooja Menon,pooja.menon1503@example.com,9012410660,Bengaluru,Premium
CUST1504,Meera Sharma,meera.sharma1504@example.com,9957494564,Visakhapatnam,Standard
CUST1505,Pooja Patel,pooja.patel1505@example.com,9048279143,Chennai,Regular
CUST1506,Aditya Joshi,aditya.joshi1506@example.com,9556642626,Visakhapatnam,Standard
CUST1507,Meera Patel,meera.patel1507@example.com,9107319676,Hyderabad,Premium
CUST1508,Sneha Reddy,sneha.reddy1508@example.com,9010874395,Coimbatore,Regular
CUST1509,Pooja Kumar,pooja.kumar1509@example.com,9704533644,Visakhapatnam,Regular
CUST1510,Varun Iyer,varun.iyer1510@example.com,9980833608,Chennai,Premium
CUST1511,Divya Patel,divya.patel1511@example.com,9364079569,Coimbatore,Premium
CUST1512,Sneha Mishra,sneha.mishra1512@example.com,9661622657,Hyderabad,Regular
CUST1513,Ishita Sharma,ishita.sharma1513@example.com,9114229869,Visakhapatnam,Standard
CUST1514,Varun Menon,varun.menon1514@example.com,9339442329,Delhi,Standard
CUST1515,Kavya Verma,kavya.verma1515@example.com,9777315626,Delhi,Regular
CUST1516,Varun Iyer,varun.iyer1516@example.com,9252407861,Mumbai,Premium
CUST1517,Varun Rao,varun.rao1517@example.com,9517725868,Visakhapatnam,Regular
CUST1518,Sneha Patel,sneha.patel1518@example.com,9199740187,Coimbatore,Regular
CUST1519,Meera Mishra,meera.mishra1519@example.com,9832743817,Chennai,Premium
CUST1520,Aarav Kumar,aarav.kumar1520@example.com,9358307200,Pune,Premium
CUST1521,Rahul Menon,rahul.menon1521@example.com,9174885515,Coimbatore,Premium
CUST1522,Neha Singh,neha.singh1522@example.com,9905207516,Kolkata,Regular
CUST1523,Kavya Sharma,kavya.sharma1523@example.com,9095028149,Hyderabad,Premium
CUST1524,Kavya Patel,kavya.patel1524@example.com,9322213674,Kolkata,Standard
CUST1525,Aarav Kumar,aarav.kumar1525@example.com,9599371835,Chennai,Premium
CUST1526,Arjun Mehta,arjun.mehta1526@example.com,9648029380,Mumbai,Standard
CUST1527,Ishita Kumar,ishita.kumar1527@example.com,9186231777,Hyderabad,Premium
CUST1528,Vikram Reddy,vikram.reddy1528@example.com,9517003512,Chennai,Premium
CUST1529,Aarav Patel,aarav.patel1529@example.com,9144719738,Coimbatore,Regular
CUST1530,Rahul Menon,rahul.menon1530@example.com,9467380230,Hyderabad,Premium
CUST1531,Varun Nair,varun.nair1531@example.com,9781029705,Coimbatore,Premium
CUST1532,Varun Menon,varun.menon1532@example.com,9797079610,Pune,Premium
CUST1533,Nikhil Das,nikhil.das1533@example.com,9848657984,Coimbatore,Regular
CUST1534,Rohan Singh,rohan.singh1534@example.com,9176890355,Coimbatore,Premium
CUST1535,Pooja Mehta,pooja.mehta1535@example.com,9159130973,Kolkata,Standard
CUST1536,Meera Joshi,meera.joshi1536@example.com,9257946470,Hyderabad,Premium
CUST1537,Rahul Sharma,rahul.sharma1537@example.com,9005906958,Visakhapatnam,Premium
CUST1538,Arjun Iyer,arjun.iyer1538@example.com,9884679535,Visakhapatnam,Standard
CUST1539,Rohan Joshi,rohan.joshi1539@example.com,9357811199,Delhi,Premium
CUST1540,Kavya Nair,kavya.nair1540@example.com,9413213338,Visakhapatnam,Standard
CUST1541,Karthik Das,karthik.das1541@example.com,9997051924,Chennai,Regular
CUST1542,Sanjay Das,sanjay.das1542@example.com,9555320186,Kolkata,Standard
CUST1543,Ishita Sharma,ishita.sharma1543@example.com,9681646936,Mumbai,Premium
CUST1544,Aishwarya Joshi,aishwarya.joshi1544@example.com,9321947131,Kolkata,Premium
CUST1545,Karthik Rao,karthik.rao1545@example.com,9516037151,Pune,Regular
CUST1546,Vikram Kumar,vikram.kumar1546@example.com,9137744471,Kolkata,Premium
CUST1547,Aishwarya Joshi,aishwarya.joshi1547@example.com,9271406606,Pune,Premium
CUST1548,Vikram Patel,vikram.patel1548@example.com,9725805828,Bengaluru,Standard
CUST1549,Arjun Reddy,arjun.reddy1549@example.com,9808732687,Vijayawada,Premium
CUST1550,Divya Nair,divya.nair1550@example.com,9444815525,Kolkata,Regular
CUST1551,Meera Menon,meera.menon1551@example.com,9180719946,Coimbatore,Premium
CUST1552,Aditya Nair,aditya.nair1552@example.com,9373493375,Hyderabad,Premium
CUST1553,Meera Mehta,meera.mehta1553@example.com,9167410130,Delhi,Premium
CUST1554,Aishwarya Verma,aishwarya.verma1554@example.com,9571799588,Bengaluru,Regular
CUST1555,Aishwarya Iyer,aishwarya.iyer1555@example.com,9175565565,Mumbai,Premium
CUST1556,Neha Kumar,neha.kumar1556@example.com,9084061009,Hyderabad,Standard
CUST1557,Aditya Patel,aditya.patel1557@example.com,9510308288,Vijayawada,Standard
CUST1558,Aarav Mishra,aarav.mishra1558@example.com,9369866560,Kolkata,Standard
CUST1559,Divya Reddy,divya.reddy1559@example.com,9879815885,Kolkata,Standard
CUST1560,Vikram Patel,vikram.patel1560@example.com,9847568997,Kolkata,Premium
CUST1561,Karthik Iyer,karthik.iyer1561@example.com,9143700151,Mumbai,Standard
CUST1562,Aishwarya Reddy,aishwarya.reddy1562@example.com,9055931770,Coimbatore,Regular
CUST1563,Aarav Singh,aarav.singh1563@example.com,9943646350,Vijayawada,Standard
CUST1564,Sneha Das,sneha.das1564@example.com,9627644445,Bengaluru,Regular
CUST1565,Varun Singh,varun.singh1565@example.com,9552634707,Hyderabad,Standard
CUST1566,Karthik Singh,karthik.singh1566@example.com,9393318503,Mumbai,Regular
CUST1567,Aishwarya Nair,aishwarya.nair1567@example.com,9581366604,Delhi,Premium
CUST1568,Varun Das,varun.das1568@example.com,9646164937,Visakhapatnam,Standard
CUST1569,Karthik Iyer,karthik.iyer1569@example.com,9007464568,Delhi,Regular
CUST1570,Rohan Sharma,rohan.sharma1570@example.com,9916534285,Pune,Premium
CUST1571,Karthik Joshi,karthik.joshi1571@example.com,9581375237,Hyderabad,Standard
CUST1572,Sanjay Menon,sanjay.menon1572@example.com,9309180390,Kolkata,Regular
CUST1573,Neha Gupta,neha.gupta1573@example.com,9905283125,Vijayawada,Standard
CUST1574,Neha Patel,neha.patel1574@example.com,9883385672,Bengaluru,Standard
CUST1575,Ishita Singh,ishita.singh1575@example.com,9921979026,Kolkata,Standard
CUST1576,Karthik Sharma,karthik.sharma1576@example.com,9585609325,Visakhapatnam,Premium
CUST1577,Nikhil Nair,nikhil.nair1577@example.com,9682407996,Vijayawada,Regular
CUST1578,Ananya Singh,ananya.singh1578@example.com,9880623602,Delhi,Regular
CUST1579,Rohan Reddy,rohan.reddy1579@example.com,9693234949,Hyderabad,Regular
CUST1580,Priya Singh,priya.singh1580@example.com,9171964434,Hyderabad,Premium
CUST1581,Ananya Sharma,ananya.sharma1581@example.com,9632664044,Kolkata,Regular
CUST1582,Neha Verma,neha.verma1582@example.com,9635630822,Chennai,Regular
CUST1583,Arjun Reddy,arjun.reddy1583@example.com,9272188073,Hyderabad,Premium
CUST1584,Arjun Mishra,arjun.mishra1584@example.com,9749664175,Vijayawada,Standard
CUST1585,Kavya Gupta,kavya.gupta1585@example.com,9336515363,Pune,Premium
CUST1586,Karthik Sharma,karthik.sharma1586@example.com,9933003080,Delhi,Standard
CUST1587,Arjun Verma,arjun.verma1587@example.com,9434763145,Delhi,Premium
CUST1588,Nikhil Sharma,nikhil.sharma1588@example.com,9338512923,Coimbatore,Standard
CUST1589,Neha Kumar,neha.kumar1589@example.com,9212076269,Hyderabad,Regular
CUST1590,Priya Nair,priya.nair1590@example.com,9451907440,Vijayawada,Regular
CUST1591,Ananya Rao,ananya.rao1591@example.com,9631648232,Vijayawada,Premium
CUST1592,Sneha Nair,sneha.nair1592@example.com,9514428474,Kolkata,Premium
CUST1593,Varun Menon,varun.menon1593@example.com,9399281623,Kolkata,Regular
CUST1594,Aditya Kumar,aditya.kumar1594@example.com,9657615545,Vijayawada,Premium
CUST1595,Aditya Reddy,aditya.reddy1595@example.com,9005622637,Vijayawada,Standard
CUST1596,Meera Gupta,meera.gupta1596@example.com,9796754588,Coimbatore,Regular
CUST1597,Varun Rao,varun.rao1597@example.com,9715151074,Vijayawada,Standard
CUST1598,Arjun Das,arjun.das1598@example.com,9151688497,Vijayawada,Regular
CUST1599,Rohan Mishra,rohan.mishra1599@example.com,9302947199,Bengaluru,Premium
CUST1600,Ananya Joshi,ananya.joshi1600@example.com,9205345756,Coimbatore,Standard
CUST1601,Arjun Verma,arjun.verma1601@example.com,9930876997,Hyderabad,Premium
CUST1602,Nikhil Iyer,nikhil.iyer1602@example.com,9531895270,Pune,Standard
CUST1603,Sanjay Nair,sanjay.nair1603@example.com,9774776160,Bengaluru,Premium
CUST1604,Varun Patel,varun.patel1604@example.com,9702815418,Pune,Premium
CUST1605,Kavya Joshi,kavya.joshi1605@example.com,9456351512,Chennai,Premium
CUST1606,Meera Patel,meera.patel1606@example.com,9720367434,Coimbatore,Premium
CUST1607,Vikram Joshi,vikram.joshi1607@example.com,9374237003,Pune,Regular
CUST1608,Arjun Rao,arjun.rao1608@example.com,9626033355,Pune,Regular
CUST1609,Sneha Sharma,sneha.sharma1609@example.com,9329668941,Chennai,Premium
CUST1610,Neha Gupta,neha.gupta1610@example.com,9473092532,Bengaluru,Standard
CUST1611,Divya Sharma,divya.sharma1611@example.com,9019496258,Delhi,Regular
CUST1612,Rohan Kumar,rohan.kumar1612@example.com,9990651901,Kolkata,Premium
CUST1613,Divya Reddy,divya.reddy1613@example.com,9951664555,Mumbai,Premium
CUST1614,Varun Singh,varun.singh1614@example.com,9504279866,Chennai,Standard
CUST1615,Ananya Reddy,ananya.reddy1615@example.com,9572642391,Mumbai,Regular
CUST1616,Neha Joshi,neha.joshi1616@example.com,9814480989,Bengaluru,Premium
CUST1617,Karthik Das,karthik.das1617@example.com,9827829579,Vijayawada,Regular
CUST1618,Vikram Nair,vikram.nair1618@example.com,9463572240,Delhi,Premium
CUST1619,Kavya Joshi,kavya.joshi1619@example.com,9009935640,Vijayawada,Premium
CUST1620,Karthik Reddy,karthik.reddy1620@example.com,9379908820,Chennai,Standard
CUST1621,Ishita Iyer,ishita.iyer1621@example.com,9407006682,Visakhapatnam,Premium
CUST1622,Ananya Verma,ananya.verma1622@example.com,9378604606,Hyderabad,Premium
CUST1623,Rohan Nair,rohan.nair1623@example.com,9907513294,Hyderabad,Premium
CUST1624,Ishita Sharma,ishita.sharma1624@example.com,9987108661,Bengaluru,Premium
CUST1625,Neha Das,neha.das1625@example.com,9603503005,Coimbatore,Standard
CUST1626,Ananya Kumar,ananya.kumar1626@example.com,9910572841,Visakhapatnam,Regular
CUST1627,Vikram Singh,vikram.singh1627@example.com,9950460023,Visakhapatnam,Premium
CUST1628,Aarav Menon,aarav.menon1628@example.com,9460704115,Kolkata,Standard
CUST1629,Priya Joshi,priya.joshi1629@example.com,9586410839,Delhi,Standard
CUST1630,Divya Menon,divya.menon1630@example.com,9145590843,Kolkata,Premium
CUST1631,Rahul Das,rahul.das1631@example.com,9238913031,Hyderabad,Premium
CUST1632,Varun Verma,varun.verma1632@example.com,9717975387,Coimbatore,Premium
CUST1633,Karthik Gupta,karthik.gupta1633@example.com,9064632146,Visakhapatnam,Regular
CUST1634,Neha Kumar,neha.kumar1634@example.com,9962365331,Bengaluru,Standard
CUST1635,Sneha Rao,sneha.rao1635@example.com,9959085472,Visakhapatnam,Standard
CUST1636,Divya Verma,divya.verma1636@example.com,9448961499,Vijayawada,Standard
CUST1637,Rohan Verma,rohan.verma1637@example.com,9407469910,Delhi,Standard
CUST1638,Varun Reddy,varun.reddy1638@example.com,9030575889,Kolkata,Standard
CUST1639,Rahul Das,rahul.das1639@example.com,9132552901,Mumbai,Standard
CUST1640,Sanjay Singh,sanjay.singh1640@example.com,9341819176,Hyderabad,Premium
CUST1641,Ishita Mishra,ishita.mishra1641@example.com,9387005377,Kolkata,Regular
CUST1642,Kavya Gupta,kavya.gupta1642@example.com,9105579117,Chennai,Standard
CUST1643,Arjun Singh,arjun.singh1643@example.com,9571262486,Visakhapatnam,Standard
CUST1644,Nikhil Joshi,nikhil.joshi1644@example.com,9700735808,Vijayawada,Regular
CUST1645,Pooja Verma,pooja.verma1645@example.com,9300585224,Bengaluru,Standard
CUST1646,Kavya Iyer,kavya.iyer1646@example.com,9008365325,Visakhapatnam,Regular
CUST1647,Rahul Kumar,rahul.kumar1647@example.com,9128033240,Pune,Regular
CUST1648,Varun Gupta,varun.gupta1648@example.com,9528244705,Delhi,Standard
CUST1649,Aarav Menon,aarav.menon1649@example.com,9179611249,Delhi,Premium
CUST1650,Rahul Mishra,rahul.mishra1650@example.com,9303846947,Pune,Standard
CUST1651,Vikram Singh,vikram.singh1651@example.com,9392902107,Hyderabad,Standard
CUST1652,Aditya Sharma,aditya.sharma1652@example.com,9569679306,Kolkata,Premium
CUST1653,Priya Kumar,priya.kumar1653@example.com,9410400554,Chennai,Premium
CUST1654,Ananya Patel,ananya.patel1654@example.com,9917943162,Vijayawada,Standard
CUST1655,Ishita Kumar,ishita.kumar1655@example.com,9447288973,Chennai,Regular
CUST1656,Ananya Mishra,ananya.mishra1656@example.com,9149828063,Chennai,Regular
CUST1657,Pooja Joshi,pooja.joshi1657@example.com,9762741254,Coimbatore,Regular
CUST1658,Neha Reddy,neha.reddy1658@example.com,9131686140,Kolkata,Regular
CUST1659,Karthik Mishra,karthik.mishra1659@example.com,9364119964,Kolkata,Standard
CUST1660,Nikhil Nair,nikhil.nair1660@example.com,9826486563,Chennai,Regular
CUST1661,Sneha Menon,sneha.menon1661@example.com,9554312883,Delhi,Standard
CUST1662,Divya Mishra,divya.mishra1662@example.com,9731107427,Pune,Premium
CUST1663,Ishita Verma,ishita.verma1663@example.com,9519622871,Visakhapatnam,Regular
CUST1664,Vikram Nair,vikram.nair1664@example.com,9554062267,Vijayawada,Standard
CUST1665,Ananya Joshi,ananya.joshi1665@example.com,9055404273,Bengaluru,Premium
CUST1666,Priya Reddy,priya.reddy1666@example.com,9083170720,Kolkata,Premium
CUST1667,Meera Gupta,meera.gupta1667@example.com,9750941783,Chennai,Premium
CUST1668,Ananya Kumar,ananya.kumar1668@example.com,9925556908,Chennai,Premium
CUST1669,Vikram Verma,vikram.verma1669@example.com,9941167546,Kolkata,Premium
CUST1670,Sneha Mishra,sneha.mishra1670@example.com,9639796670,Vijayawada,Regular
CUST1671,Sneha Gupta,sneha.gupta1671@example.com,9686833012,Coimbatore,Regular
CUST1672,Kavya Rao,kavya.rao1672@example.com,9570956850,Hyderabad,Regular
CUST1673,Aishwarya Menon,aishwarya.menon1673@example.com,9021445574,Hyderabad,Premium
CUST1674,Vikram Mehta,vikram.mehta1674@example.com,9576347548,Chennai,Regular
CUST1675,Divya Nair,divya.nair1675@example.com,9880756733,Vijayawada,Premium
CUST1676,Aarav Reddy,aarav.reddy1676@example.com,9662718918,Kolkata,Standard
CUST1677,Priya Menon,priya.menon1677@example.com,9967582608,Pune,Premium
CUST1678,Divya Gupta,divya.gupta1678@example.com,9628937813,Bengaluru,Regular
CUST1679,Meera Das,meera.das1679@example.com,9104010985,Delhi,Premium
CUST1680,Meera Das,meera.das1680@example.com,9271521520,Chennai,Premium
CUST1681,Meera Mishra,meera.mishra1681@example.com,9148008019,Kolkata,Regular
CUST1682,Ishita Menon,ishita.menon1682@example.com,9853272698,Mumbai,Regular
CUST1683,Neha Sharma,neha.sharma1683@example.com,9038824294,Visakhapatnam,Regular
CUST1684,Sneha Rao,sneha.rao1684@example.com,9453781799,Pune,Premium
CUST1685,Rahul Patel,rahul.patel1685@example.com,9574031867,Visakhapatnam,Regular
CUST1686,Ananya Patel,ananya.patel1686@example.com,9702278327,Coimbatore,Premium
CUST1687,Priya Rao,priya.rao1687@example.com,9014051326,Vijayawada,Standard
CUST1688,Kavya Iyer,kavya.iyer1688@example.com,9600395782,Bengaluru,Regular
CUST1689,Sanjay Das,sanjay.das1689@example.com,9341053735,Hyderabad,Regular
CUST1690,Ananya Nair,ananya.nair1690@example.com,9530420632,Coimbatore,Premium
CUST1691,Vikram Rao,vikram.rao1691@example.com,9259463184,Vijayawada,Regular
CUST1692,Aishwarya Kumar,aishwarya.kumar1692@example.com,9460295361,Pune,Regular
CUST1693,Kavya Verma,kavya.verma1693@example.com,9076961240,Pune,Standard
CUST1694,Nikhil Singh,nikhil.singh1694@example.com,9973674045,Coimbatore,Regular
CUST1695,Aditya Rao,aditya.rao1695@example.com,9240708511,Mumbai,Regular
CUST1696,Rahul Iyer,rahul.iyer1696@example.com,9717164104,Pune,Standard
CUST1697,Pooja Singh,pooja.singh1697@example.com,9691171832,Vijayawada,Regular
CUST1698,Varun Nair,varun.nair1698@example.com,9239890581,Hyderabad,Standard
CUST1699,Divya Gupta,divya.gupta1699@example.com,9709813404,Chennai,Premium
CUST1700,Nikhil Iyer,nikhil.iyer1700@example.com,9879809478,Chennai,Premium
CUST1701,Meera Gupta,meera.gupta1701@example.com,9118193218,Hyderabad,Standard
CUST1702,Rohan Menon,rohan.menon1702@example.com,9499025773,Chennai,Premium
CUST1703,Ishita Gupta,ishita.gupta1703@example.com,9785167241,Coimbatore,Premium
CUST1704,Neha Das,neha.das1704@example.com,9081330954,Hyderabad,Regular
CUST1705,Divya Iyer,divya.iyer1705@example.com,9331853952,Visakhapatnam,Regular
CUST1706,Aarav Iyer,aarav.iyer1706@example.com,9755307978,Chennai,Premium
CUST1707,Priya Nair,priya.nair1707@example.com,9071985179,Delhi,Premium
CUST1708,Aishwarya Kumar,aishwarya.kumar1708@example.com,9259511921,Hyderabad,Premium
CUST1709,Ishita Sharma,ishita.sharma1709@example.com,9089839182,Pune,Regular
CUST1710,Aditya Menon,aditya.menon1710@example.com,9782455562,Mumbai,Premium
CUST1711,Vikram Mishra,vikram.mishra1711@example.com,9183140537,Vijayawada,Standard
CUST1712,Kavya Sharma,kavya.sharma1712@example.com,9192215435,Pune,Standard
CUST1713,Aishwarya Gupta,aishwarya.gupta1713@example.com,9101940452,Bengaluru,Premium
CUST1714,Karthik Reddy,karthik.reddy1714@example.com,9586593901,Kolkata,Regular
CUST1715,Arjun Joshi,arjun.joshi1715@example.com,9242498236,Vijayawada,Standard
CUST1716,Karthik Verma,karthik.verma1716@example.com,9381061820,Visakhapatnam,Premium
CUST1717,Neha Mishra,neha.mishra1717@example.com,9282170683,Pune,Premium
CUST1718,Rohan Patel,rohan.patel1718@example.com,9715128549,Coimbatore,Standard
CUST1719,Rahul Verma,rahul.verma1719@example.com,9493781057,Delhi,Standard
CUST1720,Aditya Joshi,aditya.joshi1720@example.com,9975793544,Kolkata,Standard
CUST1721,Vikram Patel,vikram.patel1721@example.com,9875940891,Coimbatore,Standard
CUST1722,Neha Mehta,neha.mehta1722@example.com,9240567351,Vijayawada,Premium
CUST1723,Aditya Joshi,aditya.joshi1723@example.com,9471705315,Hyderabad,Regular
CUST1724,Meera Mishra,meera.mishra1724@example.com,9278705111,Pune,Premium
CUST1725,Sneha Nair,sneha.nair1725@example.com,9176618214,Visakhapatnam,Regular
CUST1726,Ananya Mehta,ananya.mehta1726@example.com,9081190510,Chennai,Standard
CUST1727,Divya Singh,divya.singh1727@example.com,9160409880,Visakhapatnam,Regular
CUST1728,Divya Patel,divya.patel1728@example.com,9142076075,Mumbai,Regular
CUST1729,Vikram Nair,vikram.nair1729@example.com,9612405300,Chennai,Standard
CUST1730,Rahul Iyer,rahul.iyer1730@example.com,9403497809,Hyderabad,Regular
CUST1731,Meera Patel,meera.patel1731@example.com,9773034144,Kolkata,Standard
CUST1732,Rahul Das,rahul.das1732@example.com,9219871672,Bengaluru,Regular
CUST1733,Meera Reddy,meera.reddy1733@example.com,9973281744,Kolkata,Standard
CUST1734,Ishita Iyer,ishita.iyer1734@example.com,9987467619,Delhi,Regular
CUST1735,Arjun Iyer,arjun.iyer1735@example.com,9335498461,Delhi,Standard
CUST1736,Ananya Kumar,ananya.kumar1736@example.com,9822370423,Pune,Premium
CUST1737,Sanjay Das,sanjay.das1737@example.com,9325918732,Hyderabad,Regular
CUST1738,Neha Gupta,neha.gupta1738@example.com,9061572690,Pune,Premium
CUST1739,Sanjay Das,sanjay.das1739@example.com,9384913235,Chennai,Premium
CUST1740,Varun Menon,varun.menon1740@example.com,9252438672,Coimbatore,Standard
CUST1741,Sanjay Verma,sanjay.verma1741@example.com,9243354688,Delhi,Regular
CUST1742,Nikhil Reddy,nikhil.reddy1742@example.com,9632589068,Bengaluru,Standard
CUST1743,Ishita Das,ishita.das1743@example.com,9560049180,Vijayawada,Regular
CUST1744,Aditya Kumar,aditya.kumar1744@example.com,9668322480,Chennai,Premium
CUST1745,Kavya Iyer,kavya.iyer1745@example.com,9245236604,Bengaluru,Standard
CUST1746,Rahul Reddy,rahul.reddy1746@example.com,9748452005,Vijayawada,Standard
CUST1747,Sanjay Singh,sanjay.singh1747@example.com,9353583752,Hyderabad,Standard
CUST1748,Sanjay Joshi,sanjay.joshi1748@example.com,9687908768,Delhi,Standard
CUST1749,Rahul Reddy,rahul.reddy1749@example.com,9860657754,Coimbatore,Premium
CUST1750,Divya Singh,divya.singh1750@example.com,9287419684,Visakhapatnam,Standard
CUST1751,Ananya Menon,ananya.menon1751@example.com,9880989454,Pune,Premium
CUST1752,Kavya Iyer,kavya.iyer1752@example.com,9079583242,Chennai,Premium
CUST1753,Varun Nair,varun.nair1753@example.com,9669079396,Chennai,Premium
CUST1754,Meera Rao,meera.rao1754@example.com,9764031684,Chennai,Regular
CUST1755,Rohan Gupta,rohan.gupta1755@example.com,9592557620,Hyderabad,Standard
CUST1756,Arjun Iyer,arjun.iyer1756@example.com,9714806922,Bengaluru,Regular
CUST1757,Sanjay Gupta,sanjay.gupta1757@example.com,9879162796,Vijayawada,Premium
CUST1758,Aditya Kumar,aditya.kumar1758@example.com,9140499424,Chennai,Premium
CUST1759,Aarav Nair,aarav.nair1759@example.com,9606884456,Kolkata,Standard
CUST1760,Ananya Mehta,ananya.mehta1760@example.com,9822570845,Visakhapatnam,Regular
CUST1761,Varun Reddy,varun.reddy1761@example.com,9642054515,Kolkata,Premium
CUST1762,Ananya Menon,ananya.menon1762@example.com,9430010646,Hyderabad,Regular
CUST1763,Vikram Mehta,vikram.mehta1763@example.com,9922356129,Coimbatore,Premium
CUST1764,Arjun Reddy,arjun.reddy1764@example.com,9078911825,Visakhapatnam,Premium
CUST1765,Rahul Patel,rahul.patel1765@example.com,9421954872,Kolkata,Standard
CUST1766,Nikhil Kumar,nikhil.kumar1766@example.com,9172388332,Kolkata,Regular
CUST1767,Sanjay Menon,sanjay.menon1767@example.com,9054396988,Delhi,Standard
CUST1768,Neha Reddy,neha.reddy1768@example.com,9185923941,Mumbai,Premium
CUST1769,Kavya Singh,kavya.singh1769@example.com,9044794515,Visakhapatnam,Regular
CUST1770,Ananya Reddy,ananya.reddy1770@example.com,9791519513,Kolkata,Premium
CUST1771,Nikhil Mishra,nikhil.mishra1771@example.com,9541365868,Visakhapatnam,Standard
CUST1772,Aishwarya Menon,aishwarya.menon1772@example.com,9952778357,Coimbatore,Standard
CUST1773,Ananya Rao,ananya.rao1773@example.com,9943250988,Mumbai,Premium
CUST1774,Aditya Patel,aditya.patel1774@example.com,9679511000,Delhi,Premium
CUST1775,Nikhil Mishra,nikhil.mishra1775@example.com,9387993620,Delhi,Standard
CUST1776,Varun Sharma,varun.sharma1776@example.com,9212841651,Visakhapatnam,Standard
CUST1777,Neha Singh,neha.singh1777@example.com,9683179193,Hyderabad,Premium
CUST1778,Sanjay Reddy,sanjay.reddy1778@example.com,9280994919,Vijayawada,Standard
CUST1779,Karthik Reddy,karthik.reddy1779@example.com,9959799093,Vijayawada,Premium
CUST1780,Aarav Sharma,aarav.sharma1780@example.com,9436064943,Coimbatore,Premium
CUST1781,Meera Das,meera.das1781@example.com,9837327396,Coimbatore,Standard
CUST1782,Aishwarya Rao,aishwarya.rao1782@example.com,9800411490,Kolkata,Premium
CUST1783,Varun Menon,varun.menon1783@example.com,9691368501,Coimbatore,Premium
CUST1784,Vikram Iyer,vikram.iyer1784@example.com,9021292450,Delhi,Regular
CUST1785,Divya Kumar,divya.kumar1785@example.com,9494129986,Coimbatore,Regular
CUST1786,Aditya Sharma,aditya.sharma1786@example.com,9767696890,Mumbai,Standard
CUST1787,Ananya Das,ananya.das1787@example.com,9532390853,Chennai,Regular
CUST1788,Ishita Nair,ishita.nair1788@example.com,9778382766,Mumbai,Standard
CUST1789,Sneha Mishra,sneha.mishra1789@example.com,9368025887,Pune,Regular
CUST1790,Sneha Nair,sneha.nair1790@example.com,9207675180,Mumbai,Standard
CUST1791,Karthik Singh,karthik.singh1791@example.com,9777059539,Chennai,Standard
CUST1792,Nikhil Nair,nikhil.nair1792@example.com,9513639367,Mumbai,Premium
CUST1793,Kavya Rao,kavya.rao1793@example.com,9710192855,Chennai,Regular
CUST1794,Pooja Kumar,pooja.kumar1794@example.com,9595901975,Visakhapatnam,Premium
CUST1795,Neha Das,neha.das1795@example.com,9768220698,Kolkata,Premium
CUST1796,Sneha Rao,sneha.rao1796@example.com,9555382616,Chennai,Regular
CUST1797,Nikhil Menon,nikhil.menon1797@example.com,9691364042,Delhi,Regular
CUST1798,Pooja Joshi,pooja.joshi1798@example.com,9678661614,Bengaluru,Regular
CUST1799,Karthik Joshi,karthik.joshi1799@example.com,9063228434,Kolkata,Premium
CUST1800,Kavya Rao,kavya.rao1800@example.com,9759391373,Hyderabad,Regular
CUST1801,Pooja Das,pooja.das1801@example.com,9542343830,Kolkata,Premium
CUST1802,Divya Das,divya.das1802@example.com,9007806205,Bengaluru,Premium
CUST1803,Vikram Gupta,vikram.gupta1803@example.com,9011820302,Hyderabad,Standard
CUST1804,Vikram Menon,vikram.menon1804@example.com,9975638589,Chennai,Premium
CUST1805,Aishwarya Joshi,aishwarya.joshi1805@example.com,9508499962,Delhi,Standard
CUST1806,Varun Reddy,varun.reddy1806@example.com,9025669205,Vijayawada,Premium
CUST1807,Neha Gupta,neha.gupta1807@example.com,9365282391,Hyderabad,Standard
CUST1808,Ishita Reddy,ishita.reddy1808@example.com,9160632814,Hyderabad,Regular
CUST1809,Neha Singh,neha.singh1809@example.com,9004679413,Bengaluru,Regular
CUST1810,Sanjay Rao,sanjay.rao1810@example.com,9031046604,Bengaluru,Regular
CUST1811,Divya Kumar,divya.kumar1811@example.com,9340120234,Delhi,Premium
CUST1812,Karthik Verma,karthik.verma1812@example.com,9730869407,Bengaluru,Standard
CUST1813,Arjun Menon,arjun.menon1813@example.com,9655399842,Pune,Regular
CUST1814,Sneha Nair,sneha.nair1814@example.com,9287465393,Coimbatore,Premium
CUST1815,Ananya Patel,ananya.patel1815@example.com,9968802881,Hyderabad,Premium
CUST1816,Aarav Gupta,aarav.gupta1816@example.com,9342817626,Mumbai,Standard
CUST1817,Karthik Verma,karthik.verma1817@example.com,9215121389,Kolkata,Standard
CUST1818,Varun Mehta,varun.mehta1818@example.com,9114291786,Chennai,Premium
CUST1819,Kavya Mehta,kavya.mehta1819@example.com,9152906275,Delhi,Premium
CUST1820,Vikram Verma,vikram.verma1820@example.com,9405167488,Pune,Regular
CUST1821,Aditya Reddy,aditya.reddy1821@example.com,9809356052,Chennai,Premium
CUST1822,Karthik Menon,karthik.menon1822@example.com,9226179711,Coimbatore,Regular
CUST1823,Nikhil Patel,nikhil.patel1823@example.com,9208599424,Coimbatore,Premium
CUST1824,Vikram Nair,vikram.nair1824@example.com,9327336712,Chennai,Standard
CUST1825,Pooja Menon,pooja.menon1825@example.com,9771406473,Hyderabad,Regular
CUST1826,Nikhil Singh,nikhil.singh1826@example.com,9150980071,Vijayawada,Standard
CUST1827,Ishita Mehta,ishita.mehta1827@example.com,9884924052,Visakhapatnam,Regular
CUST1828,Varun Patel,varun.patel1828@example.com,9199654552,Visakhapatnam,Premium
CUST1829,Rohan Gupta,rohan.gupta1829@example.com,9950788027,Mumbai,Premium
CUST1830,Divya Menon,divya.menon1830@example.com,9821792311,Vijayawada,Standard
CUST1831,Neha Menon,neha.menon1831@example.com,9669329206,Hyderabad,Standard
CUST1832,Nikhil Singh,nikhil.singh1832@example.com,9798115599,Delhi,Premium
CUST1833,Ananya Rao,ananya.rao1833@example.com,9345487591,Coimbatore,Standard
CUST1834,Neha Mehta,neha.mehta1834@example.com,9435805307,Delhi,Standard
CUST1835,Ishita Singh,ishita.singh1835@example.com,9375582065,Coimbatore,Standard
CUST1836,Rohan Gupta,rohan.gupta1836@example.com,9738598842,Bengaluru,Premium
CUST1837,Neha Kumar,neha.kumar1837@example.com,9510404334,Vijayawada,Regular
CUST1838,Rohan Rao,rohan.rao1838@example.com,9499373409,Delhi,Regular
CUST1839,Divya Verma,divya.verma1839@example.com,9005374516,Pune,Premium
CUST1840,Divya Singh,divya.singh1840@example.com,9331882754,Delhi,Premium
CUST1841,Rahul Menon,rahul.menon1841@example.com,9825990788,Chennai,Standard
CUST1842,Arjun Iyer,arjun.iyer1842@example.com,9021829126,Chennai,Premium
CUST1843,Priya Menon,priya.menon1843@example.com,9675729720,Delhi,Standard
CUST1844,Varun Kumar,varun.kumar1844@example.com,9540658988,Hyderabad,Regular
CUST1845,Aditya Reddy,aditya.reddy1845@example.com,9513652943,Kolkata,Standard
CUST1846,Pooja Verma,pooja.verma1846@example.com,9990369568,Visakhapatnam,Standard
CUST1847,Neha Kumar,neha.kumar1847@example.com,9190721888,Bengaluru,Regular
CUST1848,Sanjay Gupta,sanjay.gupta1848@example.com,9915684812,Visakhapatnam,Standard
CUST1849,Nikhil Mehta,nikhil.mehta1849@example.com,9424339608,Delhi,Standard
CUST1850,Sanjay Joshi,sanjay.joshi1850@example.com,9105783686,Delhi,Premium
CUST1851,Varun Singh,varun.singh1851@example.com,9162947357,Delhi,Premium
CUST1852,Nikhil Singh,nikhil.singh1852@example.com,9825091048,Mumbai,Standard
CUST1853,Arjun Rao,arjun.rao1853@example.com,9089705178,Pune,Regular
CUST1854,Varun Verma,varun.verma1854@example.com,9458992416,Bengaluru,Regular
CUST1855,Aishwarya Nair,aishwarya.nair1855@example.com,9901148077,Kolkata,Regular
CUST1856,Rohan Das,rohan.das1856@example.com,9756082443,Delhi,Premium
CUST1857,Nikhil Singh,nikhil.singh1857@example.com,9435088568,Mumbai,Regular
CUST1858,Sanjay Sharma,sanjay.sharma1858@example.com,9304053976,Hyderabad,Regular
CUST1859,Neha Patel,neha.patel1859@example.com,9554201040,Mumbai,Standard
CUST1860,Karthik Mehta,karthik.mehta1860@example.com,9116608758,Bengaluru,Premium
CUST1861,Varun Mehta,varun.mehta1861@example.com,9753675186,Coimbatore,Premium
CUST1862,Karthik Singh,karthik.singh1862@example.com,9785805275,Hyderabad,Regular
CUST1863,Neha Gupta,neha.gupta1863@example.com,9829594399,Mumbai,Standard
CUST1864,Aditya Kumar,aditya.kumar1864@example.com,9435457293,Coimbatore,Premium
CUST1865,Pooja Iyer,pooja.iyer1865@example.com,9211882330,Pune,Regular
CUST1866,Priya Rao,priya.rao1866@example.com,9104682282,Delhi,Regular
CUST1867,Sanjay Nair,sanjay.nair1867@example.com,9293340911,Mumbai,Standard
CUST1868,Aditya Das,aditya.das1868@example.com,9049163950,Chennai,Standard
CUST1869,Nikhil Mishra,nikhil.mishra1869@example.com,9865816372,Kolkata,Standard
CUST1870,Meera Verma,meera.verma1870@example.com,9448072774,Delhi,Premium
CUST1871,Arjun Singh,arjun.singh1871@example.com,9213246839,Pune,Regular
CUST1872,Ananya Gupta,ananya.gupta1872@example.com,9966259720,Visakhapatnam,Premium
CUST1873,Aditya Nair,aditya.nair1873@example.com,9373182339,Pune,Premium
CUST1874,Neha Rao,neha.rao1874@example.com,9622439927,Coimbatore,Standard
CUST1875,Rohan Singh,rohan.singh1875@example.com,9117556947,Visakhapatnam,Premium
CUST1876,Divya Sharma,divya.sharma1876@example.com,9439806456,Delhi,Premium
CUST1877,Kavya Menon,kavya.menon1877@example.com,9786387256,Coimbatore,Regular
CUST1878,Aarav Joshi,aarav.joshi1878@example.com,9957146997,Chennai,Premium
CUST1879,Divya Das,divya.das1879@example.com,9697563818,Kolkata,Regular
CUST1880,Nikhil Iyer,nikhil.iyer1880@example.com,9179490979,Delhi,Premium
CUST1881,Priya Reddy,priya.reddy1881@example.com,9781626509,Coimbatore,Regular
CUST1882,Neha Patel,neha.patel1882@example.com,9846044013,Kolkata,Premium
CUST1883,Rohan Verma,rohan.verma1883@example.com,9012803338,Hyderabad,Regular
CUST1884,Priya Sharma,priya.sharma1884@example.com,9527305776,Visakhapatnam,Standard
CUST1885,Aditya Rao,aditya.rao1885@example.com,9511638820,Mumbai,Standard
CUST1886,Aditya Kumar,aditya.kumar1886@example.com,9973072997,Delhi,Standard
CUST1887,Karthik Iyer,karthik.iyer1887@example.com,9155537909,Delhi,Regular
CUST1888,Arjun Rao,arjun.rao1888@example.com,9628102745,Visakhapatnam,Regular
CUST1889,Vikram Sharma,vikram.sharma1889@example.com,9162524645,Chennai,Standard
CUST1890,Sanjay Menon,sanjay.menon1890@example.com,9300642353,Bengaluru,Regular
CUST1891,Kavya Singh,kavya.singh1891@example.com,9446907040,Kolkata,Standard
CUST1892,Sanjay Rao,sanjay.rao1892@example.com,9417845814,Visakhapatnam,Standard
CUST1893,Vikram Patel,vikram.patel1893@example.com,9973271401,Hyderabad,Standard
CUST1894,Divya Das,divya.das1894@example.com,9369903817,Bengaluru,Regular
CUST1895,Rahul Kumar,rahul.kumar1895@example.com,9441035108,Kolkata,Premium
CUST1896,Vikram Das,vikram.das1896@example.com,9711109291,Hyderabad,Premium
CUST1897,Ishita Singh,ishita.singh1897@example.com,9109778125,Mumbai,Premium
CUST1898,Varun Sharma,varun.sharma1898@example.com,9163591225,Pune,Regular
CUST1899,Meera Rao,meera.rao1899@example.com,9135286402,Vijayawada,Regular
CUST1900,Divya Patel,divya.patel1900@example.com,9277534466,Mumbai,Regular
CUST1901,Varun Nair,varun.nair1901@example.com,9636838069,Kolkata,Regular
CUST1902,Aditya Gupta,aditya.gupta1902@example.com,9827317856,Kolkata,Regular
CUST1903,Meera Sharma,meera.sharma1903@example.com,9273286187,Delhi,Regular
CUST1904,Divya Joshi,divya.joshi1904@example.com,9322569167,Vijayawada,Regular
CUST1905,Kavya Reddy,kavya.reddy1905@example.com,9287945230,Coimbatore,Standard
CUST1906,Divya Patel,divya.patel1906@example.com,9752292554,Visakhapatnam,Premium
CUST1907,Divya Menon,divya.menon1907@example.com,9171552685,Bengaluru,Regular
CUST1908,Sneha Rao,sneha.rao1908@example.com,9865185140,Chennai,Regular
CUST1909,Vikram Iyer,vikram.iyer1909@example.com,9106779268,Vijayawada,Standard
CUST1910,Aarav Nair,aarav.nair1910@example.com,9832211275,Delhi,Regular
CUST1911,Karthik Reddy,karthik.reddy1911@example.com,9321581827,Mumbai,Premium
CUST1912,Aishwarya Sharma,aishwarya.sharma1912@example.com,9475863282,Bengaluru,Standard
CUST1913,Sneha Reddy,sneha.reddy1913@example.com,9673246464,Vijayawada,Premium
CUST1914,Vikram Rao,vikram.rao1914@example.com,9211317517,Mumbai,Standard
CUST1915,Aishwarya Verma,aishwarya.verma1915@example.com,9707129294,Coimbatore,Standard
CUST1916,Vikram Mehta,vikram.mehta1916@example.com,9272856000,Kolkata,Regular
CUST1917,Aishwarya Patel,aishwarya.patel1917@example.com,9099049576,Bengaluru,Premium
CUST1918,Priya Das,priya.das1918@example.com,9381915889,Kolkata,Standard
CUST1919,Priya Joshi,priya.joshi1919@example.com,9986219728,Pune,Regular
CUST1920,Neha Verma,neha.verma1920@example.com,9892146564,Visakhapatnam,Premium
CUST1921,Vikram Mishra,vikram.mishra1921@example.com,9503488718,Bengaluru,Standard
CUST1922,Meera Mishra,meera.mishra1922@example.com,9801960958,Bengaluru,Regular
CUST1923,Arjun Sharma,arjun.sharma1923@example.com,9158214676,Kolkata,Regular
CUST1924,Sanjay Rao,sanjay.rao1924@example.com,9424627094,Visakhapatnam,Premium
CUST1925,Karthik Sharma,karthik.sharma1925@example.com,9791612070,Pune,Premium
CUST1926,Aditya Kumar,aditya.kumar1926@example.com,9469105839,Hyderabad,Standard
CUST1927,Pooja Joshi,pooja.joshi1927@example.com,9301348945,Visakhapatnam,Regular
CUST1928,Sanjay Nair,sanjay.nair1928@example.com,9933259203,Visakhapatnam,Standard
CUST1929,Aditya Singh,aditya.singh1929@example.com,9499235881,Bengaluru,Regular
CUST1930,Rahul Singh,rahul.singh1930@example.com,9473328460,Delhi,Premium
CUST1931,Kavya Kumar,kavya.kumar1931@example.com,9936982757,Bengaluru,Premium
CUST1932,Aarav Mehta,aarav.mehta1932@example.com,9945029745,Chennai,Regular
CUST1933,Divya Reddy,divya.reddy1933@example.com,9171861111,Hyderabad,Regular
CUST1934,Aarav Nair,aarav.nair1934@example.com,9231195200,Vijayawada,Regular
CUST1935,Nikhil Gupta,nikhil.gupta1935@example.com,9828112689,Pune,Premium
CUST1936,Aditya Menon,aditya.menon1936@example.com,9991659092,Pune,Regular
CUST1937,Neha Kumar,neha.kumar1937@example.com,9542158036,Pune,Premium
CUST1938,Meera Sharma,meera.sharma1938@example.com,9681770625,Coimbatore,Regular
CUST1939,Rahul Nair,rahul.nair1939@example.com,9005560239,Vijayawada,Standard
CUST1940,Aarav Mehta,aarav.mehta1940@example.com,9945112677,Delhi,Premium
CUST1941,Karthik Gupta,karthik.gupta1941@example.com,9533334356,Chennai,Standard
CUST1942,Rohan Reddy,rohan.reddy1942@example.com,9578646631,Visakhapatnam,Standard
CUST1943,Divya Kumar,divya.kumar1943@example.com,9373424240,Kolkata,Regular
CUST1944,Rahul Iyer,rahul.iyer1944@example.com,9494528036,Vijayawada,Regular
CUST1945,Vikram Iyer,vikram.iyer1945@example.com,9761632488,Hyderabad,Regular
CUST1946,Aarav Nair,aarav.nair1946@example.com,9217913000,Hyderabad,Regular
CUST1947,Sneha Joshi,sneha.joshi1947@example.com,9328633485,Chennai,Regular
CUST1948,Ananya Das,ananya.das1948@example.com,9480230926,Visakhapatnam,Regular
CUST1949,Aishwarya Verma,aishwarya.verma1949@example.com,9398358522,Hyderabad,Standard
CUST1950,Divya Singh,divya.singh1950@example.com,9186014968,Chennai,Regular
CUST1951,Arjun Singh,arjun.singh1951@example.com,9491165832,Chennai,Regular
CUST1952,Kavya Reddy,kavya.reddy1952@example.com,9879121059,Pune,Premium
CUST1953,Ananya Reddy,ananya.reddy1953@example.com,9005122326,Bengaluru,Standard
CUST1954,Priya Kumar,priya.kumar1954@example.com,9007643137,Delhi,Standard
CUST1955,Pooja Sharma,pooja.sharma1955@example.com,9539375682,Delhi,Regular
CUST1956,Vikram Reddy,vikram.reddy1956@example.com,9703647723,Coimbatore,Standard
CUST1957,Meera Das,meera.das1957@example.com,9207693661,Bengaluru,Standard
CUST1958,Nikhil Iyer,nikhil.iyer1958@example.com,9444014841,Visakhapatnam,Premium
CUST1959,Neha Sharma,neha.sharma1959@example.com,9864067612,Bengaluru,Regular
CUST1960,Pooja Mehta,pooja.mehta1960@example.com,9590644311,Coimbatore,Premium
CUST1961,Neha Rao,neha.rao1961@example.com,9501852549,Bengaluru,Premium
CUST1962,Meera Das,meera.das1962@example.com,9130074395,Vijayawada,Standard
CUST1963,Rahul Das,rahul.das1963@example.com,9262236536,Hyderabad,Regular
CUST1964,Neha Joshi,neha.joshi1964@example.com,9245843098,Vijayawada,Premium
CUST1965,Priya Sharma,priya.sharma1965@example.com,9028881424,Mumbai,Regular
CUST1966,Arjun Menon,arjun.menon1966@example.com,9112928293,Kolkata,Regular
CUST1967,Karthik Gupta,karthik.gupta1967@example.com,9445551282,Pune,Premium
CUST1968,Aarav Verma,aarav.verma1968@example.com,9410415353,Bengaluru,Premium
CUST1969,Priya Das,priya.das1969@example.com,9414445230,Coimbatore,Standard
CUST1970,Vikram Verma,vikram.verma1970@example.com,9621114730,Hyderabad,Premium
CUST1971,Meera Mishra,meera.mishra1971@example.com,9458967099,Visakhapatnam,Regular
CUST1972,Rahul Rao,rahul.rao1972@example.com,9156002612,Vijayawada,Standard
CUST1973,Rahul Menon,rahul.menon1973@example.com,9247105737,Kolkata,Regular
CUST1974,Karthik Menon,karthik.menon1974@example.com,9701668784,Chennai,Premium
CUST1975,Arjun Reddy,arjun.reddy1975@example.com,9880908629,Hyderabad,Regular
CUST1976,Rohan Menon,rohan.menon1976@example.com,9952744507,Hyderabad,Standard
CUST1977,Neha Gupta,neha.gupta1977@example.com,9476638629,Kolkata,Standard
CUST1978,Rahul Kumar,rahul.kumar1978@example.com,9534581123,Bengaluru,Standard
CUST1979,Vikram Rao,vikram.rao1979@example.com,9068013347,Vijayawada,Standard
CUST1980,Priya Nair,priya.nair1980@example.com,9825567020,Delhi,Premium
CUST1981,Rohan Patel,rohan.patel1981@example.com,9048368161,Vijayawada,Standard
CUST1982,Vikram Iyer,vikram.iyer1982@example.com,9335160953,Delhi,Regular
CUST1983,Sneha Iyer,sneha.iyer1983@example.com,9842090876,Kolkata,Standard
CUST1984,Sanjay Joshi,sanjay.joshi1984@example.com,9574103947,Kolkata,Premium
CUST1985,Arjun Gupta,arjun.gupta1985@example.com,9583375610,Chennai,Standard
CUST1986,Aditya Das,aditya.das1986@example.com,9095326033,Hyderabad,Standard
CUST1987,Ishita Patel,ishita.patel1987@example.com,9322675236,Bengaluru,Regular
CUST1988,Pooja Rao,pooja.rao1988@example.com,9503894480,Mumbai,Premium
CUST1989,Rahul Menon,rahul.menon1989@example.com,9529443582,Pune,Premium
CUST1990,Ishita Menon,ishita.menon1990@example.com,9703832128,Coimbatore,Premium
CUST1991,Aarav Nair,aarav.nair1991@example.com,9991704857,Hyderabad,Regular
CUST1992,Pooja Iyer,pooja.iyer1992@example.com,9477172364,Vijayawada,Regular
CUST1993,Vikram Kumar,vikram.kumar1993@example.com,9704008721,Delhi,Regular
CUST1994,Vikram Mishra,vikram.mishra1994@example.com,9607486906,Kolkata,Premium
CUST1995,Varun Gupta,varun.gupta1995@example.com,9613633740,Visakhapatnam,Standard
CUST1996,Karthik Nair,karthik.nair1996@example.com,9817063182,Hyderabad,Standard
CUST1997,Karthik Mehta,karthik.mehta1997@example.com,9714261002,Visakhapatnam,Standard
CUST1998,Aarav Iyer,aarav.iyer1998@example.com,9064201461,Pune,Premium
CUST1999,Sneha Kumar,sneha.kumar1999@example.com,9079400457,Delhi,Regular
CUST2000,Aditya Gupta,aditya.gupta2000@example.com,9458225240,Hyderabad,Premium
